-- phpMyAdmin SQL Dump
-- version 4.6.6deb5
-- https://www.phpmyadmin.net/
--
-- Client :  localhost:3306
-- Généré le :  Jeu 23 Avril 2020 à 14:24
-- Version du serveur :  5.7.29-0ubuntu0.18.04.1
-- Version de PHP :  7.2.24-0ubuntu0.18.04.4

SET SQL_MODE = "NO_AUTO_VALUE_ON_ZERO";
SET time_zone = "+00:00";


/*!40101 SET @OLD_CHARACTER_SET_CLIENT=@@CHARACTER_SET_CLIENT */;
/*!40101 SET @OLD_CHARACTER_SET_RESULTS=@@CHARACTER_SET_RESULTS */;
/*!40101 SET @OLD_COLLATION_CONNECTION=@@COLLATION_CONNECTION */;
/*!40101 SET NAMES utf8mb4 */;

--
-- Base de données :  `footcore009`
--

-- --------------------------------------------------------

--
-- Structure de la table `championship`
--

CREATE TABLE `championship` (
  `id_championship` int(11) NOT NULL,
  `name` varchar(50) NOT NULL
) ENGINE=InnoDB DEFAULT CHARSET=utf8;

--
-- Contenu de la table `championship`
--

INSERT INTO `championship` (`id_championship`, `name`) VALUES
(1, 'Ligue 1'),
(2, 'Ligue 3'),
(3, 'Ligue 2');

-- --------------------------------------------------------

--
-- Structure de la table `criterion`
--

CREATE TABLE `criterion` (
  `id_criterion` int(11) NOT NULL,
  `id_matchgame` int(11) NOT NULL,
  `motivation1` int(11) NOT NULL DEFAULT '0',
  `currentForm1` int(11) NOT NULL DEFAULT '0',
  `physicalForm1` int(11) NOT NULL DEFAULT '0',
  `weather1` int(11) NOT NULL DEFAULT '0',
  `bestPlayers1` int(11) NOT NULL DEFAULT '0',
  `marketValue1` int(11) NOT NULL DEFAULT '0',
  `home_away1` int(11) NOT NULL DEFAULT '0',
  `motivation2` int(11) NOT NULL DEFAULT '0',
  `currentForm2` int(11) NOT NULL DEFAULT '0',
  `physicalForm2` int(11) NOT NULL DEFAULT '0',
  `weather2` int(11) NOT NULL DEFAULT '0',
  `bestPlayers2` int(11) NOT NULL DEFAULT '0',
  `marketValue2` int(11) NOT NULL DEFAULT '0',
  `home_away2` int(11) NOT NULL DEFAULT '0'
) ENGINE=InnoDB DEFAULT CHARSET=utf8;

--
-- Contenu de la table `criterion`
--

INSERT INTO `criterion` (`id_criterion`, `id_matchgame`, `motivation1`, `currentForm1`, `physicalForm1`, `weather1`, `bestPlayers1`, `marketValue1`, `home_away1`, `motivation2`, `currentForm2`, `physicalForm2`, `weather2`, `bestPlayers2`, `marketValue2`, `home_away2`) VALUES
(1, 191, 1, -1, 0, 1, 0, 2, -1, 0, 0, -2, 0, -1, 1, 1),
(2, 1, 0, 1, 0, 0, 0, 1, 0, 0, 0, 0, 0, 0, 2, 0),
(3, 2, 1, 0, 0, 1, 0, 2, 0, 0, 1, 0, 0, 0, 1, 0),
(4, 3, 0, -1, 0, 1, 0, 2, 0, 0, 0, 0, 0, 0, 1, 0),
(5, 4, 0, 1, 0, 0, 0, 2, 0, 0, 0, 1, 0, 0, 1, 0),
(6, 5, 0, 0, 0, 1, 0, 1, 0, 0, 0, 0, 0, 0, 1, 0),
(7, 6, 1, 0, 1, 0, 0, 1, 0, 0, 0, 1, 0, 0, 1, 0),
(8, 7, 1, 0, 0, 1, 0, 2, 0, 0, 0, 1, 0, 0, 1, 0),
(9, 8, 0, 0, 0, 1, 0, 4, 0, 1, 0, 0, 0, 0, 0, 0),
(28, 9, 1, 0, 0, 1, 0, 1, 0, 0, 0, 0, 0, 0, 2, 0),
(29, 10, 0, 0, 1, 0, 0, 1, 0, 0, -1, 0, 0, 0, 1, 0),
(30, 11, 2, 0, 0, 0, 0, 0, -1, 1, 0, 0, 0, 0, 3, 0),
(31, 12, 1, 0, 0, 1, 0, 1, 1, 0, 0, 0, 0, 0, 1, 0),
(32, 13, 1, 2, 0, 0, 0, 2, 0, 2, 2, 0, 0, 0, 0, 0),
(33, 20, 2, 2, 0, 0, 0, 0, 0, 0, 2, 0, 0, 0, 3, 0),
(34, 14, 1, 2, 0, 0, 0, 2, 0, 0, 0, 0, 0, 0, 1, 0),
(35, 15, 1, 0, 0, 0, 0, 1, 0, 0, 2, 0, 0, 0, 2, 0),
(36, 16, 1, 0, 0, 2, 0, 1, 0, 1, 0, 0, 0, 0, 2, 0),
(37, 17, 1, 0, 0, 2, 0, 1, 0, 0, 2, 0, 0, 0, 2, 0),
(38, 18, 1, 0, 0, 0, 0, 1, 0, 0, 0, 0, 0, 0, 1, 0),
(39, 19, 1, 2, 0, 0, 0, 1, 0, 0, 0, 0, 0, 0, 1, 0),
(40, 21, 1, 0, 0, 0, 0, 3, 0, 3, 2, 0, 0, 1, 0, 0),
(41, 22, 0, 2, 0, 0, -1, 1, 0, 0, 0, 0, 0, 1, 1, 0),
(42, 23, 1, 0, 0, 0, 0, 1, 0, 0, 0, 0, 0, 0, 2, 0),
(43, 24, 1, 0, 0, 0, 0, 1, 0, 0, 2, 0, 0, 0, 1, 0),
(44, 25, 0, 0, 0, 0, 0, 3, 0, 0, 0, 0, 2, -1, 0, 0),
(45, 26, 2, 2, 0, 0, -2, 1, 0, 0, 0, 0, 0, 0, 1, 0),
(46, 27, 1, 0, 0, 0, -1, 1, 0, 0, 0, 0, 0, -1, 1, 0),
(47, 28, 2, 0, 0, 0, 0, 0, 0, 1, 2, 0, 0, 0, 2, 0),
(48, 29, 0, 0, -1, 0, -1, 1, 0, 0, 0, 0, 0, 0, 1, 0),
(49, 30, 1, 0, 0, 0, 0, 1, 0, 0, 0, 0, 0, -1, 1, 0),
(50, 31, 0, 2, 0, 0, 0, 1, 0, 0, 0, 0, 0, 0, 1, 0),
(51, 32, 0, 0, 0, 1, 0, 1, 0, 0, 0, 0, 0, -1, 1, 0),
(52, 33, 0, 0, 0, 0, 0, 1, 0, 0, 2, -1, 0, 0, 2, 0),
(53, 34, 0, 2, 0, 0, 0, 1, 0, 0, 0, -1, 0, 0, 1, 0),
(54, 35, 0, 2, 0, 0, 0, 1, 0, 0, 2, 0, 0, 0, 1, 0),
(55, 36, 2, 0, -1, 0, 0, 2, 0, 0, 2, 0, 0, 0, 1, 0),
(56, 37, 0, 2, 0, 1, 0, 1, 0, 0, 0, 0, 0, -1, 1, 0),
(57, 38, 0, 0, 0, 1, 0, 1, 0, 0, 2, 0, 0, 0, 1, 0),
(58, 39, 2, 0, 0, 0, 0, 0, 0, 0, 2, 0, 1, -2, 5, 0),
(59, 40, 0, 0, -1, 0, 0, 1, 0, 1, 0, 0, 0, 0, 2, 0),
(60, 41, 0, 0, 0, 0, 0, 1, 0, 0, 2, 0, 0, 0, 1, 0),
(61, 42, 0, 2, 0, 0, -1, 1, 0, 0, 2, 0, 0, 0, 1, 0),
(62, 43, 0, 0, 0, 0, 0, 1, 0, 0, 2, 0, 0, 0, 1, 0),
(63, 44, 0, 0, 0, 0, 0, 1, 0, 0, 0, 0, 0, 0, 2, 0),
(64, 45, 0, 0, 0, 0, 0, 1, 0, 0, 2, 0, 0, 0, 1, 0),
(65, 46, 0, 0, 0, 0, 0, 1, 0, 0, 2, 0, 0, 0, 1, 0),
(66, 47, 0, 0, 0, 1, 0, 2, 0, 0, 2, 0, 0, 0, 1, 0),
(67, 48, 0, 0, 0, 1, 0, 2, 0, 0, 0, 0, 0, 0, 1, 0),
(68, 49, 0, 0, 0, 0, 0, 0, 0, 0, 0, 0, 1, 0, 2, 0),
(69, 50, 0, 2, 0, 1, 0, 3, 0, 0, 0, 0, 0, 0, 0, 0),
(70, 51, 0, 0, 0, 0, 0, 0, 0, 0, 0, 0, 1, 0, 2, 0),
(71, 52, 0, 0, 0, 0, 0, 1, 0, 0, 0, 0, 1, 0, 1, 0),
(72, 53, 2, 0, -1, 0, 0, 1, 0, 0, 2, -1, 0, 0, 2, 0),
(73, 54, 0, 2, 0, 1, -1, 2, 0, 0, 0, 0, 0, 0, 1, 0),
(74, 55, 0, 0, 0, 1, 0, 1, 0, 0, 2, 0, 0, 0, 1, 0),
(75, 56, 0, 2, 0, 0, 0, 2, 0, 0, 2, 0, 1, 0, 1, 0),
(76, 57, 0, 0, 0, 1, 0, 1, 0, 0, 2, 0, 0, 0, 1, 0),
(77, 58, 0, 0, 0, 0, 0, 1, 0, 0, 0, -1, 1, 0, 1, 0),
(78, 59, 0, 0, -1, 0, 0, 1, 0, 0, 2, -1, 0, 0, 1, 0),
(79, 60, 0, 0, 0, 1, -1, 2, 0, 0, 0, 0, 0, -1, 1, 0),
(80, 61, 0, 0, 0, 0, -1, 1, 0, 0, 2, 0, 0, -1, 1, 0),
(81, 62, 0, 0, 0, 1, 0, 0, 0, 0, 0, -1, 0, 0, 3, 0),
(82, 63, 0, 0, 0, 1, 0, 1, 0, 0, 0, 0, 0, -1, 1, 0),
(83, 64, 0, 0, -1, 0, 0, 4, 0, 0, 0, 0, 1, 0, 0, 0),
(84, 65, 0, 0, 0, 1, -1, 2, 0, 0, 0, 0, 0, 0, 1, 0),
(85, 66, 0, 0, 0, 1, -1, 1, 0, 0, 2, 0, 0, 0, 1, 0),
(86, 67, 0, 0, 0, 1, -1, 0, 0, 0, 0, 0, 0, -1, 2, 0),
(87, 68, 0, 0, -1, 0, 0, 1, 0, 0, 2, 0, 0, 0, 1, 0),
(88, 69, 0, 0, 0, 0, 0, 2, 0, 0, 2, 0, 1, -1, 1, 0),
(89, 70, 0, 2, 0, 1, 0, 1, 0, 0, 0, 0, 0, -1, 1, 0),
(90, 71, 1, 0, 0, 0, -1, 1, 0, 0, 2, -1, 0, 0, 1, 0),
(91, 72, 1, 2, 0, 0, 0, 0, 0, 1, 0, -1, 1, -1, 3, 0),
(92, 73, 1, 0, 0, 0, 0, 1, 0, 0, 1, 0, 0, -1, 1, 0),
(93, 74, 2, 2, 0, 1, 0, 3, 0, 0, 0, 0, 0, 0, 0, 0),
(94, 75, 1, 2, 0, 0, 0, 1, 0, 0, 0, 0, 1, 0, 1, 0),
(95, 76, 0, 0, -1, 1, 0, 2, 0, 1, 2, 0, 0, 0, 0, 0),
(96, 77, 1, 0, 0, 0, -1, 1, 0, 0, 0, 0, 0, 0, 1, 0),
(97, 78, 1, 0, 0, 0, 0, 1, 0, 0, 0, -1, 0, 0, 1, 0),
(98, 79, 0, 1, 0, 0, 0, 1, 0, 0, -1, 1, -1, 0, 2, 0),
(99, 80, 1, 2, 0, 1, 0, 1, 0, 0, 0, 0, 0, -1, 1, 0),
(100, 81, 1, 0, -1, 0, 0, 1, 0, 0, 0, 0, 1, 0, 1, 0),
(101, 82, 1, 1, 0, 0, 0, 0, 1, 0, 1, 0, 1, 0, 0, 1),
(102, 83, 1, 0, 0, 1, 0, 1, 0, 0, 0, 0, 0, 0, 2, 0),
(103, 84, 1, 0, 0, 0, 0, 1, 0, 1, 2, 0, 1, 0, 2, 0),
(104, 85, 1, 0, -1, 0, 0, 2, 0, 0, 0, 0, 1, 0, 0, 0),
(105, 86, 1, 2, -1, 1, 0, 4, 0, 2, 0, 0, 0, 0, 0, 0),
(106, 87, 1, 0, 0, 0, 0, 1, 0, 0, 0, 0, 1, 0, 1, 0),
(107, 88, 1, 0, 0, 1, 0, 1, 0, 0, 0, 0, 0, -1, 1, 0),
(108, 89, 2, 1, -1, 1, -2, 1, 0, 1, 1, -1, 0, 0, 2, 0),
(109, 90, 2, 2, 0, 0, 0, 1, 0, 2, 0, 0, 1, -1, 2, 0),
(110, 91, 1, 2, 0, 0, 0, 1, 0, 0, 2, 0, 0, 0, 1, 0),
(111, 92, 1, 1, 0, 0, 0, 1, 0, 0, 2, 0, 1, 0, 1, -1),
(112, 93, 0, 0, 0, 0, 0, 1, -1, 0, 2, 0, 0, 0, 1, 0),
(113, 94, 0, -1, 0, 1, 0, 1, 0, 0, 0, 0, 0, 0, 2, -1),
(114, 95, 2, 0, 0, 0, -1, 0, 0, 0, 3, 0, 1, 0, 2, 1),
(115, 96, 1, 0, 0, 0, 0, 1, 0, 1, 2, 0, 0, -1, 1, 0),
(116, 97, 0, 0, 0, 1, 0, 1, 0, 2, 2, 0, 0, -1, 1, 0),
(117, 98, 1, 0, 0, 0, 0, 2, 0, 0, -1, 0, 1, 0, 1, -1),
(118, 99, 2, 0, 0, 0, 0, 3, -1, 0, 2, 0, 1, -1, 0, 0),
(119, 100, -1, 1, 0, 0, -1, 2, 0, 0, 0, 0, 1, 0, 1, 0),
(120, 101, 1, 0, 0, 0, -1, 1, 0, 0, 0, 0, 1, -1, 1, 0),
(121, 102, 1, 0, -1, 1, 0, 1, 0, 1, 1, 0, 0, -1, 1, -1),
(122, 103, 1, 2, -1, 1, 0, 1, 0, 0, 0, 0, 0, -1, 1, 0),
(123, 104, 1, 2, 0, 1, 0, 1, 0, 1, 1, 0, 1, -1, 1, 0),
(124, 105, -2, 0, -1, 1, 0, 3, 0, 0, 1, 0, 0, 0, 0, 0),
(125, 106, 1, 0, -1, 1, -1, 2, 0, 0, 2, 0, 0, -1, 0, 0),
(126, 107, 1, 0, 0, 0, 0, 0, 0, 1, 0, 0, 1, 0, 2, 0),
(127, 108, 1, 2, 0, 1, 0, 1, 0, 0, 0, 0, 1, -2, 1, -1),
(128, 109, 1, 0, 0, 1, 0, 1, 1, 0, 0, 0, 1, 0, 1, 0),
(129, 110, 1, 0, -1, 1, 0, 1, 1, 0, 0, 0, 0, -1, 1, 0),
(130, 111, 1, 0, -1, 0, 0, 1, -1, 0, 0, -1, 1, -1, 1, 0),
(131, 112, 1, 0, 0, 0, 0, 1, -1, 0, 0, 0, 0, 0, 2, 1),
(132, 113, 1, 0, 0, 0, 0, 1, 0, 0, 2, 0, 0, -1, 1, -1),
(133, 114, 1, 0, 0, 1, 0, 1, -1, 0, 2, 0, 0, -1, 2, -1),
(134, 115, 0, 0, -2, 1, 0, 1, 0, 0, 0, -1, 0, -1, 1, -1),
(135, 116, 0, 0, -1, 1, 0, 0, 0, 1, 2, 0, 0, 0, 2, 0),
(136, 117, 0, 0, -1, 1, 0, 0, -1, 0, 0, 0, 0, -1, 5, 1),
(137, 118, 0, 0, -1, 0, 0, 1, 1, 0, 2, 0, 0, 0, 1, -1),
(138, 119, 0, 0, -1, 0, 0, 1, 0, 1, 2, -2, 0, 0, 1, 0),
(139, 120, 0, 0, -1, 0, -1, 2, 0, 0, 0, -1, 1, 0, 1, 1),
(140, 121, 2, 1, 0, 0, 0, 1, 0, 1, 1, -1, 0, -1, 1, 0),
(141, 122, 1, 0, 0, 1, -1, 1, 1, 0, 0, 0, 1, 0, 1, -1),
(142, 123, 1, 0, 0, 0, 0, 1, 0, 0, 1, 0, 1, 0, 1, 1),
(143, 124, 1, 0, 0, 1, 0, 3, 0, 1, 1, 0, 0, 0, 0, 0),
(144, 125, 1, 0, -1, 0, 0, 2, -1, 0, 1, 0, 1, 0, 1, 0),
(145, 126, 1, 0, -1, 0, 0, 2, 1, 0, 0, 0, 1, 0, 0, 0),
(146, 127, 1, 0, 0, 0, 0, 0, 0, 0, 0, -1, 0, 0, 5, 1),
(147, 128, 1, 0, 0, 1, 0, 1, 0, 0, 1, 0, 1, 0, 1, 0),
(148, 129, 1, 0, 0, 0, 0, 1, 0, 0, 0, 0, 1, 0, 1, 0),
(149, 130, 1, 0, 0, 1, -1, 1, 0, 1, 1, -1, 0, 0, 1, 1),
(150, 131, 1, 0, 0, 1, -1, 1, 0, 0, 1, 0, 0, 0, 2, 0),
(151, 132, 1, 1, 0, 1, -1, 2, 1, 0, 0, 0, 0, 0, 0, -1),
(152, 133, 1, 0, 0, 0, 0, 1, 0, 0, 0, 0, 1, -1, 1, 0),
(153, 134, 1, 0, 0, 1, -2, 1, 0, 0, 0, 0, 0, -1, 1, 0),
(154, 135, 1, 0, 0, 1, -1, 1, -1, 0, 1, 0, 0, 0, 2, 0),
(155, 136, 1, 0, 0, 1, 0, 1, -1, 0, 0, 0, 0, -1, 1, 1),
(156, 137, 1, 1, 0, 1, -1, 1, 0, 0, 1, 0, 0, -1, 1, -1),
(157, 138, 1, 0, 0, 0, 0, 1, 0, 0, 1, 0, 0, 0, 1, -1),
(158, 139, 1, 0, 0, 0, -1, 1, 1, 0, 0, 0, 1, -1, 1, 0),
(159, 140, 1, 0, 0, 1, -1, 1, -1, 0, 1, 0, 0, 0, 2, 0),
(160, 141, 1, 1, 0, 1, 0, 1, 0, 1, 1, -1, 0, -1, 2, 0),
(161, 142, 1, 0, 0, 1, 0, 1, 0, 1, 1, 0, 0, 0, 1, 1),
(162, 143, 1, 0, 0, 0, 0, 1, 0, 0, 0, 0, 0, 0, 2, 0),
(163, 144, 1, 0, 0, 0, 0, 1, -1, 0, 0, 0, 0, 0, 1, 0),
(164, 145, 1, 0, 0, 1, -2, 1, 0, 0, 0, 0, 0, 0, 1, -1),
(165, 146, 1, 0, -1, 0, 0, 1, 0, 0, 0, -1, 1, -2, 1, 1),
(166, 147, 2, 1, 0, 1, 0, 2, 0, 0, 0, 0, 0, 0, 0, 0),
(167, 148, 1, 0, 0, 0, -1, 1, 1, 0, 0, 0, 1, -1, 1, 0),
(168, 149, 1, 0, -1, 1, 0, 2, 1, 1, 1, 0, 0, 0, 0, -1),
(169, 150, 1, 0, 0, 1, 0, 2, 0, 0, 1, 0, 0, -1, 1, 0),
(170, 151, 1, 1, 1, 1, -3, 4, 1, 0, 1, 0, 0, 1, 0, 0),
(171, 152, 1, 0, 0, 1, -2, 2, 0, 0, 0, 0, 0, 0, 1, -1),
(172, 153, 1, 0, 0, 0, -3, 1, 0, 0, 1, 0, 1, -2, 1, 0),
(173, 154, 1, 0, 0, 0, -1, 1, 0, 0, 1, 0, 1, -2, 1, 0),
(174, 155, 1, 0, 0, 0, 0, 1, -1, 0, 0, 0, 0, 0, 1, 0),
(175, 156, 1, 1, 0, 1, -2, 1, 0, 0, 1, 0, 0, 0, 1, -1),
(176, 157, 1, 0, 0, 0, 0, 1, 1, 1, 1, 1, 1, 0, 2, 0),
(177, 158, 1, 0, 1, 0, -1, 1, 0, 0, 0, 0, 1, 0, 2, 0),
(178, 159, 1, 0, -1, 0, 0, 1, -1, 0, 0, 2, 1, -1, 2, 0),
(179, 160, 1, 0, 0, 0, 0, 1, -1, 0, 0, 0, 1, 0, 2, 0),
(180, 161, 1, 0, 0, 0, 0, 0, -1, 0, 0, -1, 1, 0, 3, 0),
(181, 162, 1, 0, 0, 1, 0, 2, 0, 0, 0, 0, 0, -2, 0, 0),
(182, 163, 1, 0, 0, 0, -2, 0, 1, 0, 1, -1, 1, -1, 3, 1),
(183, 164, 1, 1, -1, 1, 0, 1, 0, 0, 0, 0, 0, 0, 1, 0),
(184, 165, 1, 0, 1, 1, 0, 1, 0, 0, 1, -1, 0, -1, 1, 1),
(185, 166, 1, 0, 0, 0, 0, 1, 0, 0, 0, 0, 1, 0, 1, -1),
(186, 167, 0, 0, 0, 1, -1, 1, 0, 0, 0, -1, 1, 0, 1, -1),
(187, 168, 1, 1, 0, 1, 0, 1, 0, 1, 1, 0, 0, 0, 1, 0),
(188, 169, 1, 1, 0, 1, -1, 2, 0, 0, 0, 1, 0, 0, 0, 0),
(189, 170, 1, 1, -1, 0, 0, 2, 1, 1, 1, 0, 1, -1, 0, 0),
(190, 171, 1, 0, 0, 0, -1, 1, -1, 0, 1, 0, 1, -1, 1, 0),
(191, 172, 1, 0, -2, 0, -2, 0, 0, 0, 0, -1, 1, -2, 3, 1),
(192, 173, 1, 1, -1, 1, -1, 2, 0, 0, 1, -2, 0, 0, 1, 0),
(193, 174, 1, 0, 0, 1, 0, 0, 1, 0, 1, 0, 0, 0, 2, 0),
(194, 175, 1, 0, 0, 1, 0, 1, 0, 0, 0, 0, 0, -1, 1, -1),
(195, 176, 1, 0, 0, 1, 0, 1, -1, 0, 1, 0, 0, 0, 1, 0),
(196, 177, 1, 1, -1, 0, 0, 2, 1, 0, 0, 0, 1, -2, 1, 0),
(197, 178, 1, 0, 0, 1, -2, 0, -1, 0, 1, 0, 0, 0, 2, 1),
(198, 179, 1, 0, 0, 0, 0, 1, -1, 0, 0, 0, 1, -1, 1, -1),
(199, 180, 1, 0, 0, 1, -2, 0, 0, 0, 1, 0, 0, -1, 2, 0),
(200, 181, 1, 0, -1, 0, -2, 2, 1, 0, 0, -1, 1, 0, 1, 0),
(201, 182, 1, 0, 1, 1, 0, 1, 0, 0, 0, 1, 1, -2, 1, 0),
(202, 183, 1, 1, -1, 0, 0, 1, 0, 0, 0, -1, 1, 0, 1, 1),
(203, 184, 1, 1, -1, 0, -1, 1, 0, 0, 0, -1, 1, -1, 1, 0),
(204, 185, 0, 0, 0, 1, 0, 1, 0, 0, 1, 0, 0, 0, 1, 0),
(205, 186, 1, 1, 0, 1, -1, 0, 0, 0, 0, -1, 0, -2, 2, 0),
(206, 187, 1, 1, -1, 1, -2, 1, 0, 0, 0, 1, 1, -1, 1, 0),
(207, 188, 1, 0, 1, 1, -1, 1, 0, 0, 0, -1, 0, 0, 1, -1),
(208, 189, 1, 1, -1, 0, -1, 4, 1, 0, 0, -1, 1, -1, 0, 0),
(209, 190, 1, 0, 1, 1, -1, 2, 0, 0, 0, -1, 0, 0, 0, -1),
(210, 192, 1, 0, -2, 0, 0, 1, -1, 0, 1, 0, 1, 0, 1, 1),
(211, 193, 1, 0, 0, 0, 0, 1, 0, 0, 0, -1, 1, -2, 2, 0),
(212, 194, 1, 1, 0, 0, -1, 1, 0, 0, 1, 0, 1, -2, 2, 0),
(213, 195, 1, 1, -1, 0, 0, 1, 0, 0, 1, -1, 1, -2, 1, 1),
(214, 196, 1, 0, -1, 0, 0, 1, -1, 0, 0, -2, 1, 0, 1, 1),
(215, 197, 1, 0, 0, 0, -1, 1, -1, 0, 1, -2, 1, -3, 2, 0),
(216, 198, 1, 0, 0, 0, 0, 0, 0, 0, 0, -1, 1, -2, 2, 1),
(217, 199, 1, 1, -1, 1, -1, 2, 1, 0, 1, 0, 0, 0, 1, -1),
(218, 200, 1, 0, -2, 1, -2, 1, 0, 0, 0, 0, 0, -2, 1, 0),
(219, 207, 1, 0, 0, 0, -3, 1, 0, 0, 1, -1, 2, 0, 1, 0),
(220, 201, 1, 1, 0, 1, 0, 1, 0, 0, 0, 0, 2, 0, 1, 0),
(221, 202, 1, 1, 0, 0, -2, 2, 1, 0, 0, -1, 1, 0, 1, -1),
(222, 203, 1, 0, -1, 0, -2, 2, 0, 0, 0, 0, 1, -2, 1, 0),
(223, 204, 1, 1, 0, 0, 0, 1, 1, 0, 1, 0, 2, -1, 1, 0),
(224, 205, 1, 0, -2, 1, 0, 1, 0, 0, 1, 0, 0, 0, 1, -1),
(225, 206, 1, -1, -1, 0, -2, 2, -1, 0, 0, 0, 2, 0, 1, 0),
(226, 208, 1, 1, -2, 0, -1, 2, -1, 0, -1, 0, 1, 0, 1, -1),
(227, 209, 1, 0, -1, 2, -2, 1, 0, 0, -1, -1, 1, -1, 1, 0),
(228, 210, 1, 0, -2, 2, -1, 0, 1, 0, 0, -2, 1, -1, 2, 1),
(229, 211, 1, 0, -1, 0, 0, 1, 0, 0, 0, 0, 1, -1, 1, -1),
(230, 212, 1, 1, -1, 0, -1, 3, 1, 0, 1, -1, 2, 0, 0, -1),
(231, 213, 1, 0, 0, 2, 0, 1, -1, 0, 0, 0, 2, 0, 1, 1),
(232, 214, 1, 0, 0, 2, 0, 1, 0, 0, 0, 0, 2, -1, 1, 0),
(233, 215, 1, 0, -1, 0, -1, 1, 0, 0, 1, 0, 2, 0, 1, 1),
(234, 216, 1, 0, 0, 0, 0, 0, -1, 0, 0, -1, 1, -1, 3, 1),
(235, 217, 1, 1, -1, 2, -2, 1, 0, 0, 0, -1, 1, -1, 2, 1),
(236, 218, 1, 0, -1, 1, -2, 1, 1, 0, 1, -1, 1, 0, 1, 0),
(237, 219, 1, 1, 0, 2, 0, 1, -1, 0, 1, -1, 1, 0, 2, 0),
(238, 220, 1, 1, 0, 1, -1, 1, -1, 0, 0, -1, 1, 0, 1, 0),
(239, 221, 1, 1, 0, 0, -1, 1, 1, 0, 1, 0, 1, 0, 1, 0),
(240, 222, 1, 0, -1, 0, -1, 2, 0, 0, 0, 0, 1, 0, 0, 0),
(241, 223, 1, 0, 0, 0, -1, 0, 0, 0, 1, 0, 1, -1, 4, 0),
(242, 224, 1, 0, -1, 0, -1, 2, -1, 0, 0, 0, 1, 0, 0, -1),
(243, 225, 1, 0, 0, 1, 0, 1, 0, 0, 0, 0, 1, 0, 2, 1),
(244, 226, 1, 0, 0, 1, 0, 1, -1, 0, 0, 0, 1, -1, 1, 1),
(245, 227, 1, 0, 0, 1, 0, 1, -1, 0, 1, 0, 1, 0, 1, 1),
(246, 228, 1, 1, 0, 1, 0, 1, 0, 0, 1, -1, 1, -1, 2, -1),
(247, 229, 1, 0, -1, 0, 0, 1, 1, 0, 1, 0, 1, 0, 1, 0),
(248, 230, 1, 0, 0, 1, 0, 1, 0, 0, 0, 0, 1, 0, 1, 0),
(249, 231, 1, 0, 0, 1, 0, 1, 0, 0, 1, 0, 0, -1, 2, 0),
(250, 232, 1, 1, 0, 0, -1, 2, 1, 0, 0, 0, 1, 0, 1, -1),
(251, 233, 1, 0, 0, 1, 0, 0, -1, 0, 1, 0, 1, -1, 2, 1),
(252, 234, 1, 0, 0, 1, 0, 1, 0, 0, -1, 0, 1, -4, 1, 1),
(253, 235, 1, 0, 0, 1, 0, 1, 0, 0, 0, 0, 1, 0, 2, 0),
(254, 236, 1, 0, 0, 0, -1, 2, 1, 0, 1, 0, 1, 0, 1, 0),
(255, 237, 1, 0, 0, 0, 0, 2, 0, 0, 0, -1, 1, -1, 1, -1),
(256, 238, 1, 0, 0, 1, 0, 1, 1, 0, 0, 0, 1, -1, 1, 0),
(257, 239, 1, 1, 0, 0, -1, 1, 0, 0, 0, 0, 1, 0, 1, 0),
(258, 240, 1, 1, 0, 0, -2, 2, 1, 0, 0, 0, 1, -1, 1, -1),
(259, 241, 1, 1, 0, 0, -1, 2, 0, 0, 1, 0, 1, -1, 1, 0),
(260, 242, 1, 0, 0, 1, 0, 0, -1, 0, 1, -1, 1, -2, 4, 1),
(261, 243, 1, 1, 0, 0, 0, 2, -1, 0, 0, -1, 1, -1, 1, -1),
(262, 244, 1, 0, 0, 0, -3, 1, 0, 0, 0, 0, 1, -1, 1, 0),
(263, 245, 1, 1, 0, 1, -1, 1, 0, 0, 0, 0, 1, -1, 1, 1),
(264, 246, 1, 0, 0, 1, 0, 1, -1, 0, 0, 0, 1, -1, 1, 1),
(265, 247, 1, 1, -1, 0, -1, 2, -1, 0, 0, 0, 1, -1, 1, 0),
(266, 248, 1, 0, 0, 1, 0, 1, 0, 0, 0, 0, 1, -2, 2, 1),
(267, 249, 1, 0, 0, 1, 0, 1, -1, 0, 0, -1, 1, 0, 1, -1),
(268, 250, 1, 1, 0, 1, -2, 1, 1, 0, 1, -1, 1, -1, 1, 0),
(269, 251, 1, 1, 0, 0, -2, 2, 0, 0, 1, 0, 1, -1, 0, 0),
(270, 252, 1, 0, 0, 1, -1, 0, -1, 0, 0, 0, 1, -1, 3, -1),
(271, 253, 1, 1, 0, 0, -1, 2, 1, 0, 0, 0, 1, -1, 1, 0),
(272, 254, 1, 0, 0, 1, -2, 1, 0, 0, 0, 0, 1, 0, 1, 0),
(273, 255, 1, 0, 0, 1, -2, 0, 0, 0, 1, -1, 1, 0, 3, 0),
(274, 256, 1, 0, 0, 0, -1, 2, 1, 0, 0, 0, 1, 0, 1, 1),
(275, 257, 1, 0, 0, 0, -2, 1, 0, 0, 0, 0, 1, 0, 1, 1),
(276, 258, 1, 0, 0, 0, -3, 1, -1, 0, 1, 0, 1, 0, 1, -1),
(277, 259, 1, 0, 0, 0, 0, 2, 0, 0, 1, 0, 1, -1, 1, 1),
(278, 260, 1, 0, -1, 0, 0, 3, 1, 0, 0, 0, 1, 0, 0, -1),
(279, 261, 1, 0, 0, 1, 0, 0, 0, 0, 0, 0, 0, -1, 2, 1),
(280, 262, 1, 1, 0, 0, -2, 5, 1, 0, 0, 0, 1, -2, 0, 0),
(281, 263, 1, 0, 0, 0, 0, 1, -1, 0, 0, 0, 1, -2, 1, 0),
(282, 264, 1, 0, 0, 1, 0, 1, 0, 0, 1, 0, 1, -1, 1, 0),
(283, 265, 1, 0, 0, 0, 0, 2, 0, 0, 0, 0, 1, 0, 0, 1),
(284, 266, 1, 0, 0, 1, 0, 1, 1, 0, 0, 0, 1, -1, 2, 0),
(285, 267, 1, 0, 0, 1, 0, 1, -1, 0, 1, 0, 1, 0, 1, -1),
(286, 268, 1, 1, 0, 1, -1, 1, 0, 0, 1, 0, 1, -1, 2, 0),
(287, 269, 1, 0, 0, 1, 0, 1, -1, 0, 0, 0, 1, -2, 1, 0),
(288, 270, 2, 1, -1, 0, -1, 2, -1, 0, 0, 0, 1, -2, 1, 0),
(289, 273, 2, 1, 0, 0, -2, 2, 1, 0, 0, 0, 1, 0, 1, 0),
(290, 272, 1, 0, 0, 2, -1, 0, 0, 0, 1, -1, 1, -2, 3, 1),
(291, 274, 1, 1, 0, 2, -3, 1, 0, 0, 0, 0, 1, 0, 1, 0),
(292, 275, 1, 0, 0, 2, -2, 1, 0, 0, 0, 0, 1, 0, 1, -1),
(293, 276, 1, 1, 0, 2, 0, 1, -1, 0, 0, 0, 1, 0, 1, -1),
(294, 277, 1, 0, 0, 1, -2, 1, 0, 0, 0, 0, 1, 0, 1, 0),
(295, 278, 1, 0, 0, 0, -1, 1, 0, 0, 0, 0, 1, 0, 1, 0),
(296, 271, 1, 1, 0, 2, 0, 1, 1, 2, 1, -1, 1, -1, 1, 1),
(297, 279, 1, 0, 0, 2, -3, 1, -1, 0, 0, 0, 1, 0, 1, 1),
(298, 280, 1, 1, 0, 0, 0, 3, 0, 0, 1, 0, 2, 0, 0, 0),
(299, 281, 1, 0, 0, 0, 0, 2, 0, 0, 1, 0, 1, -2, 0, 1),
(300, 282, 1, 0, 0, 1, 0, 0, 1, 0, 0, 0, 1, 0, 3, 1),
(301, 283, 1, 0, 0, 1, 0, 1, -1, 0, 1, 0, 1, -1, 1, 0),
(302, 284, 1, 0, 0, 1, 0, 0, 0, 0, 1, 0, 1, 0, 2, 0),
(303, 285, 1, 0, 0, 0, 0, 1, 0, 0, 0, 0, 1, 0, 1, -1),
(304, 286, 1, 0, 0, 0, 0, 1, 0, 0, 1, 0, 1, -2, 1, -1),
(305, 287, 1, 0, 0, 0, 0, 1, -1, 0, 1, 0, 1, 0, 1, 0),
(306, 289, 1, 0, 0, 0, -1, 2, 0, 0, 0, 0, 1, -2, 1, -1),
(307, 288, 1, 0, 0, 1, -2, 1, -1, 0, 1, 0, 1, 0, 1, 1),
(308, 290, 1, 0, 0, 0, -1, 2, 1, 0, 1, 0, 1, -2, 0, 0);

-- --------------------------------------------------------

--
-- Structure de la table `fp_role`
--

CREATE TABLE `fp_role` (
  `id_fp_role` int(11) NOT NULL,
  `name` varchar(50) NOT NULL
) ENGINE=InnoDB DEFAULT CHARSET=utf8;

--
-- Contenu de la table `fp_role`
--

INSERT INTO `fp_role` (`id_fp_role`, `name`) VALUES
(1, 'contributor'),
(2, 'administrator');

-- --------------------------------------------------------

--
-- Structure de la table `fp_theme`
--

CREATE TABLE `fp_theme` (
  `id_fp_theme` int(11) NOT NULL,
  `name` varchar(50) NOT NULL,
  `directory_name` varchar(50) NOT NULL
) ENGINE=InnoDB DEFAULT CHARSET=utf8;

--
-- Contenu de la table `fp_theme`
--

INSERT INTO `fp_theme` (`id_fp_theme`, `name`, `directory_name`) VALUES
(1, 'Football predictions', 'default');

-- --------------------------------------------------------

--
-- Structure de la table `fp_user`
--

CREATE TABLE `fp_user` (
  `id_fp_user` int(11) NOT NULL,
  `name` varchar(50) NOT NULL,
  `password` varchar(255) NOT NULL,
  `registration` date NOT NULL,
  `language` varchar(2) NOT NULL DEFAULT 'fr',
  `theme` int(11) NOT NULL DEFAULT '1',
  `last_season` int(11) DEFAULT NULL,
  `last_championship` int(11) DEFAULT NULL,
  `role` int(11) NOT NULL DEFAULT '1'
) ENGINE=InnoDB DEFAULT CHARSET=utf8;

--
-- Contenu de la table `fp_user`
--

INSERT INTO `fp_user` (`id_fp_user`, `name`, `password`, `registration`, `language`, `theme`, `last_season`, `last_championship`, `role`) VALUES
(1, 'admin', '$2y$10$Xc61IxpofHUjI49u0eV7Pu/SPX/GzGqZBtWYFSBBRWwrvxGlmmF0S', '2020-04-14', 'fr', 1, 1, 1, 2),
(2, 'guy', '$2y$10$VOFagLDNb13UDp69MO4NKuDMtPiYgdGE3vlQW2jdSPCObVqFMH2F6', '2020-04-17', 'fr', 1, 1, 1, 1);

-- --------------------------------------------------------

--
-- Structure de la table `marketValue`
--

CREATE TABLE `marketValue` (
  `id_marketValue` int(11) NOT NULL,
  `id_season` int(11) NOT NULL,
  `id_team` int(11) NOT NULL,
  `marketValue` int(11) NOT NULL
) ENGINE=InnoDB DEFAULT CHARSET=utf8;

--
-- Contenu de la table `marketValue`
--

INSERT INTO `marketValue` (`id_marketValue`, `id_season`, `id_team`, `marketValue`) VALUES
(1, 1, 1, 67),
(2, 1, 2, 78),
(3, 1, 3, 123),
(4, 1, 4, 131),
(5, 1, 5, 55),
(6, 1, 6, 47),
(7, 1, 7, 262),
(8, 1, 8, 419),
(9, 1, 9, 247),
(10, 1, 10, 53),
(11, 1, 11, 335),
(12, 1, 12, 26),
(13, 1, 13, 92),
(14, 1, 14, 184),
(15, 1, 15, 55),
(16, 1, 16, 1020),
(17, 1, 17, 78),
(18, 1, 18, 184),
(19, 1, 19, 90),
(20, 1, 20, 92);

-- --------------------------------------------------------

--
-- Structure de la table `matchday`
--

CREATE TABLE `matchday` (
  `id_matchday` int(11) NOT NULL,
  `id_season` int(11) NOT NULL,
  `id_championship` int(11) NOT NULL,
  `number` int(11) NOT NULL
) ENGINE=InnoDB DEFAULT CHARSET=utf8;

--
-- Contenu de la table `matchday`
--

INSERT INTO `matchday` (`id_matchday`, `id_season`, `id_championship`, `number`) VALUES
(1, 1, 1, 1),
(2, 1, 1, 2),
(3, 1, 1, 3),
(4, 1, 1, 4),
(5, 1, 1, 5),
(6, 1, 1, 6),
(7, 1, 1, 7),
(8, 1, 1, 8),
(9, 1, 1, 9),
(10, 1, 1, 10),
(11, 1, 1, 11),
(12, 1, 1, 12),
(13, 1, 1, 13),
(14, 1, 1, 14),
(15, 1, 1, 15),
(16, 1, 1, 16),
(17, 1, 1, 17),
(18, 1, 1, 18),
(19, 1, 1, 19),
(20, 1, 1, 20),
(21, 1, 1, 21),
(22, 1, 1, 22),
(23, 1, 1, 23),
(24, 1, 1, 24),
(25, 1, 1, 25),
(26, 1, 1, 26),
(27, 1, 1, 27),
(28, 1, 1, 28),
(29, 1, 1, 29),
(30, 1, 1, 30),
(31, 1, 2, 1),
(32, 1, 2, 2);

-- --------------------------------------------------------

--
-- Structure de la table `matchgame`
--

CREATE TABLE `matchgame` (
  `id_matchgame` int(11) NOT NULL,
  `id_matchday` int(11) NOT NULL,
  `team_1` int(11) NOT NULL,
  `team_2` int(11) NOT NULL,
  `result` enum('1','D','2') DEFAULT NULL,
  `odds1` float DEFAULT NULL,
  `oddsD` float DEFAULT NULL,
  `odds2` float DEFAULT NULL,
  `date` date DEFAULT NULL,
  `red1` int(11) NOT NULL,
  `red2` int(11) NOT NULL
) ENGINE=InnoDB DEFAULT CHARSET=utf8;

--
-- Contenu de la table `matchgame`
--

INSERT INTO `matchgame` (`id_matchgame`, `id_matchday`, `team_1`, `team_2`, `result`, `odds1`, `oddsD`, `odds2`, `date`, `red1`, `red2`) VALUES
(1, 1, 6, 3, '2', 3.55, 3.35, 2.1, '2019-08-10', 0, 0),
(2, 1, 9, 17, '2', 1.6, 3.8, 6.1, '2019-08-10', 0, 0),
(3, 1, 14, 1, '1', 2.18, 2.95, 4, '2019-08-10', 0, 1),
(4, 1, 19, 10, 'D', 2.03, 3.2, 3.95, '2019-08-11', 0, 0),
(5, 1, 12, 18, '2', 2.3, 3.25, 3.3, '2019-08-10', 0, 1),
(6, 1, 2, 4, '1', 2.35, 3.15, 3.15, '2019-08-10', 0, 0),
(7, 1, 7, 13, '1', 1.85, 3.4, 4.55, '2019-08-11', 0, 0),
(8, 1, 16, 15, '1', 1.1, 10, 22, '2019-08-11', 0, 0),
(9, 1, 5, 20, 'D', 2.38, 3.25, 3.1, '2019-08-10', 0, 0),
(10, 1, 11, 8, '2', 2.9, 3.35, 2.42, '2019-08-09', 1, 0),
(11, 2, 10, 11, '1', 2.85, 3.1, 2.58, '2019-08-17', 0, 1),
(12, 2, 20, 6, '1', 1.99, 3.35, 3.85, '2019-08-17', 0, 0),
(13, 2, 8, 2, '1', 1.38, 4.9, 7.5, '2019-08-16', 0, 0),
(14, 2, 3, 5, 'D', 1.62, 3.85, 5.5, '2019-08-18', 0, 0),
(15, 2, 15, 14, '2', 2.28, 3.25, 3.2, '2019-08-17', 2, 1),
(16, 2, 13, 9, 'D', 2.63, 3.15, 2.75, '2019-08-17', 0, 0),
(17, 2, 1, 7, '1', 3.35, 3, 2.33, '2019-08-17', 0, 1),
(18, 2, 4, 12, 'D', 2.73, 2.95, 2.8, '2019-08-17', 0, 0),
(19, 2, 17, 19, 'D', 2.05, 3.15, 3.9, '2019-08-18', 0, 0),
(20, 2, 18, 16, '1', 8, 5.25, 1.35, '2019-08-18', 0, 0),
(21, 3, 16, 20, '1', 1.11, 9, 22, '2019-08-25', 0, 0),
(22, 3, 1, 13, '2', 2.75, 2.95, 2.8, '2019-08-24', 1, 0),
(23, 3, 6, 4, '2', 2.58, 3.1, 2.85, '2019-08-24', 0, 0),
(24, 3, 2, 10, '1', 2.08, 3.15, 3.8, '2019-08-24', 0, 0),
(25, 3, 11, 15, 'D', 1.66, 3.85, 5, '2019-08-25', 1, 0),
(26, 3, 14, 9, '2', 2.9, 3.15, 2.5, '2019-08-28', 0, 0),
(27, 3, 7, 3, '1', 2.22, 3.3, 3.25, '2019-08-28', 0, 0),
(28, 3, 12, 8, '1', 3.5, 3.4, 2.08, '2019-08-27', 0, 1),
(29, 3, 19, 18, '2', 2.7, 3.1, 2.73, '2019-08-25', 1, 0),
(30, 3, 5, 17, '1', 2.65, 3, 2.85, '2019-08-24', 0, 0),
(31, 4, 2, 6, '1', 1.7, 3.6, 5, '2019-08-31', 0, 0),
(32, 4, 20, 1, '1', 2.15, 3.1, 3.75, '2019-08-31', 0, 0),
(33, 4, 17, 7, '1', 2.88, 2.95, 2.7, '2019-09-01', 0, 1),
(34, 4, 18, 14, '2', 1.66, 3.6, 5.6, '2019-09-01', 0, 0),
(35, 4, 13, 12, '1', 2.25, 3.1, 3.5, '2019-08-31', 0, 0),
(36, 4, 8, 4, 'D', 0, 0, 0, '2019-08-31', 1, 0),
(37, 4, 9, 3, '1', 1.98, 3.5, 3.75, '2019-09-01', 0, 0),
(38, 4, 15, 5, '1', 2.1, 3.4, 3.5, '2019-08-31', 0, 0),
(39, 4, 10, 16, '2', 7.5, 4.9, 1.4, '2019-08-30', 0, 0),
(40, 4, 19, 11, 'D', 2.65, 3.2, 2.72, '2019-09-01', 0, 0),
(41, 5, 6, 15, 'D', 2.68, 3.3, 2.6, '2019-09-14', 0, 0),
(42, 5, 13, 17, '1', 2.15, 3.05, 3.75, '2019-09-15', 0, 0),
(43, 5, 12, 14, '1', 1.95, 3.2, 4.3, '2019-09-14', 0, 0),
(44, 5, 5, 18, 'D', 3.1, 3.15, 2.38, '2019-09-14', 0, 0),
(45, 5, 11, 9, '2', 2.42, 3.4, 2.82, '2019-09-15', 0, 0),
(46, 5, 3, 20, 'D', 1.63, 3.9, 5.25, '2019-09-15', 0, 0),
(47, 5, 7, 2, '1', 1.82, 3.35, 4.7, '2019-09-13', 0, 0),
(48, 5, 4, 10, '1', 1.83, 3.25, 4.8, '2019-09-14', 0, 0),
(49, 5, 1, 8, 'D', 4.6, 3.65, 1.76, '2019-09-13', 0, 0),
(50, 5, 16, 19, '1', 1.19, 6.75, 14, '2019-09-14', 0, 0),
(51, 6, 17, 11, 'D', 2.7, 3.1, 2.73, '2019-09-21', 0, 0),
(52, 6, 10, 1, '2', 2.08, 3.05, 4, '2019-09-21', 0, 0),
(53, 6, 8, 16, '2', 3.65, 3.9, 1.88, '2019-09-22', 0, 0),
(54, 6, 4, 5, 'D', 1.77, 3.45, 4.9, '2019-09-21', 0, 0),
(55, 6, 19, 13, '1', 2.45, 3, 3.15, '2019-09-20', 0, 0),
(56, 6, 9, 12, 'D', 1.93, 3.3, 4.2, '2019-09-21', 2, 1),
(57, 6, 15, 20, '1', 1.91, 3.5, 4, '2019-09-21', 0, 1),
(58, 6, 2, 3, '1', 2.13, 3.25, 3.55, '2019-09-22', 0, 0),
(59, 6, 18, 7, 'D', 2.45, 3.1, 3.05, '2019-09-22', 0, 0),
(60, 6, 14, 6, '1', 1.69, 3.65, 5.25, '2019-09-21', 0, 0),
(61, 7, 11, 14, '1', 2, 3.55, 3.9, '2019-09-24', 0, 0),
(62, 7, 5, 8, 'D', 4.7, 3.85, 1.75, '2019-09-25', 0, 0),
(63, 7, 13, 18, '1', 2.3, 3.2, 3.45, '2019-09-25', 0, 0),
(64, 7, 16, 17, '2', 1.15, 8.4, 18, '2019-09-25', 0, 0),
(65, 7, 3, 10, '2', 1.8, 3.65, 4.75, '2019-09-25', 0, 0),
(66, 7, 12, 15, '1', 1.91, 3.6, 4.2, '2019-09-25', 0, 0),
(67, 7, 6, 9, 'D', 4.7, 3.85, 1.75, '2019-09-24', 0, 0),
(68, 7, 20, 2, '2', 2.7, 3.25, 2.75, '2019-09-25', 0, 0),
(69, 7, 7, 19, '1', 1.8, 3.55, 4.95, '2019-09-25', 0, 0),
(70, 7, 1, 4, '2', 2.65, 3, 3.05, '2019-09-25', 0, 0),
(71, 8, 14, 7, 'D', 2.92, 3.15, 2.55, '2019-09-28', 0, 0),
(72, 8, 4, 16, '2', 6, 4.75, 1.48, '2019-09-28', 0, 0),
(73, 8, 2, 1, 'D', 1.75, 3.5, 4.9, '2019-09-28', 0, 0),
(74, 8, 11, 5, '1', 1.53, 4.3, 6.25, '2019-09-28', 0, 0),
(75, 8, 10, 20, 'D', 2.1, 3.25, 3.7, '2019-09-28', 0, 0),
(76, 8, 8, 13, '2', 1.55, 4.1, 6.5, '2019-09-28', 0, 0),
(77, 8, 19, 12, '1', 2.65, 3.1, 2.92, '2019-09-29', 0, 0),
(78, 8, 9, 18, 'D', 1.97, 3.45, 3.85, '2019-09-29', 0, 0),
(79, 8, 15, 3, '2', 2.92, 3.15, 2.55, '2019-09-29', 0, 1),
(80, 8, 17, 6, '2', 1.76, 3.45, 5.25, '2019-09-28', 0, 0),
(81, 9, 18, 17, '2', 2.15, 3.15, 3.7, '2019-10-06', 0, 0),
(82, 9, 6, 19, '1', 2.72, 3.15, 2.8, '2019-10-05', 0, 0),
(83, 9, 1, 9, '1', 3.2, 3.3, 2.35, '2019-10-04', 0, 0),
(84, 9, 12, 11, '1', 2.85, 3.35, 2.55, '2019-10-05', 0, 1),
(85, 9, 7, 15, 'D', 1.65, 4, 5.5, '2019-10-06', 0, 0),
(86, 9, 16, 2, '1', 1.18, 7.5, 14, '2019-10-05', 0, 0),
(87, 9, 20, 4, '2', 2.52, 3.15, 2.95, '2019-10-05', 0, 0),
(88, 9, 5, 10, '1', 2.47, 3.25, 3, '2019-10-05', 0, 0),
(89, 9, 3, 8, '1', 3.4, 3.8, 2.05, '2019-10-06', 0, 0),
(90, 9, 13, 14, '1', 2, 3.4, 4, '2019-10-05', 0, 0),
(91, 10, 17, 12, '1', 2.15, 3, 3.8, '2019-10-19', 0, 0),
(92, 10, 2, 5, '2', 1.63, 3.65, 5.75, '2019-10-18', 0, 0),
(93, 10, 10, 13, '1', 2.78, 2.95, 2.78, '2019-10-19', 0, 0),
(94, 10, 20, 7, '1', 3.4, 3.25, 2.18, '2019-10-19', 0, 0),
(95, 10, 14, 16, '2', 9, 5.25, 1.32, '2019-10-18', 2, 0),
(96, 10, 4, 3, '2', 2.3, 3.15, 3.25, '2019-10-20', 0, 0),
(97, 10, 15, 1, 'D', 2.07, 3.3, 3.65, '2019-10-19', 0, 0),
(98, 10, 9, 19, '1', 1.82, 3.5, 4.4, '2019-10-20', 0, 0),
(99, 10, 8, 6, 'D', 1.33, 5.25, 8.5, '2019-10-18', 0, 0),
(100, 10, 11, 18, '1', 1.83, 3.5, 4.4, '2019-10-20', 0, 0),
(101, 11, 19, 14, '1', 1.92, 3.4, 4.75, '2019-10-26', 0, 1),
(102, 11, 18, 20, '1', 1.88, 3.6, 4.5, '2019-10-27', 0, 0),
(103, 11, 3, 1, 'D', 2.15, 3.5, 3.9, '2019-10-27', 0, 0),
(104, 11, 5, 6, '1', 2.4, 3.3, 3.35, '2019-10-26', 1, 0),
(105, 11, 8, 10, '1', 1.48, 4.8, 9, '2019-10-26', 0, 0),
(106, 11, 16, 9, '1', 1.26, 7, 13.5, '2019-10-27', 0, 0),
(107, 11, 13, 11, '2', 3.1, 3.4, 2.6, '2019-10-25', 0, 0),
(108, 11, 17, 15, 'D', 1.67, 3.7, 6.25, '2019-10-26', 0, 0),
(109, 11, 12, 2, 'D', 2.25, 3.2, 3.6, '2019-10-26', 0, 0),
(110, 11, 7, 4, '1', 1.91, 3.45, 4.75, '2019-10-26', 0, 0),
(111, 12, 4, 13, '1', 2.4, 3, 3.5, '2019-11-03', 0, 0),
(112, 12, 15, 18, '2', 3.25, 3.18, 2.26, '2020-01-15', 0, 0),
(113, 12, 9, 7, '1', 2.3, 3.3, 2.35, '2019-11-02', 0, 0),
(114, 12, 3, 11, '1', 2.85, 3.5, 2.45, '2019-11-03', 0, 1),
(115, 12, 10, 12, 'D', 3, 3.1, 2.65, '2019-11-02', 0, 0),
(116, 12, 20, 8, '2', 4.75, 4, 1.75, '2019-11-02', 0, 0),
(117, 12, 6, 16, '1', 16, 8, 1.22, '2019-11-01', 0, 0),
(118, 12, 2, 19, '1', 2.05, 3.25, 4.4, '2019-11-02', 0, 0),
(119, 12, 1, 5, '1', 1.75, 3.85, 4.9, '2019-11-02', 0, 0),
(120, 12, 14, 17, '1', 2.7, 3.05, 2.95, '2019-11-03', 0, 1),
(121, 13, 9, 8, '1', 2.78, 3.35, 2.53, '2019-11-10', 0, 0),
(122, 13, 12, 20, '1', 1.8, 3.6, 4.85, '2019-11-10', 0, 0),
(123, 13, 14, 4, 'D', 2.5, 3.1, 3, '2019-11-08', 0, 0),
(124, 13, 11, 6, '1', 1.44, 4.55, 7, '2019-11-09', 0, 0),
(125, 13, 18, 1, '1', 2.22, 3.2, 3.45, '2019-11-10', 0, 0),
(126, 13, 7, 10, 'D', 1.65, 3.85, 5.75, '2019-11-09', 0, 0),
(127, 13, 5, 16, '2', 14, 6.75, 1.2, '2019-11-09', 0, 0),
(128, 13, 17, 2, 'D', 2.25, 3.05, 3.65, '2019-11-09', 0, 0),
(129, 13, 19, 15, '1', 1.9, 3.4, 4.4, '2019-11-09', 0, 0),
(130, 13, 13, 3, '2', 2.15, 3.15, 3.7, '2019-11-10', 0, 0),
(131, 14, 20, 9, '2', 3.4, 3.35, 2.13, '2019-11-24', 1, 0),
(132, 14, 16, 7, '1', 1.2, 6.75, 13, '2019-11-22', 0, 0),
(133, 14, 8, 14, '1', 1.4, 4.6, 8, '2019-11-23', 1, 1),
(134, 14, 5, 13, 'D', 2.95, 3.15, 2.48, '2019-11-23', 0, 0),
(135, 14, 4, 11, '1', 3.2, 3.35, 2.22, '2019-11-24', 0, 1),
(136, 14, 10, 17, 'D', 2.8, 2.95, 2.75, '2019-11-23', 0, 1),
(137, 14, 3, 12, 'D', 2.35, 3.15, 3.15, '2019-11-24', 0, 0),
(138, 14, 1, 19, '2', 2.38, 3.05, 3.2, '2019-11-23', 1, 0),
(139, 14, 2, 15, '1', 1.69, 3.6, 5.25, '2019-11-23', 0, 0),
(140, 14, 6, 18, '1', 2.9, 3.2, 2.48, '2019-11-23', 0, 0),
(141, 15, 19, 8, '2', 3.3, 3.4, 2.1, '2019-11-30', 0, 0),
(142, 15, 17, 4, 'D', 2, 3, 4.33, '2019-11-30', 1, 0),
(143, 15, 11, 16, '2', 6, 5.15, 1.43, '2020-01-15', 0, 0),
(144, 15, 15, 10, 'D', 2.15, 3.1, 3.6, '2019-11-30', 0, 0),
(145, 15, 13, 20, '1', 1.72, 3.6, 4.75, '2019-12-01', 0, 1),
(146, 15, 18, 3, '1', 2.3, 3.1, 3.25, '2019-12-01', 0, 0),
(147, 15, 9, 5, '1', 1.47, 4.2, 7, '2019-11-29', 0, 0),
(148, 15, 12, 1, '1', 1.8, 3.3, 4.75, '2019-11-30', 0, 1),
(149, 15, 7, 6, '1', 1.57, 3.83, 6.25, '2019-11-30', 0, 0),
(150, 15, 14, 2, '1', 2.62, 3, 2.8, '2019-11-30', 0, 0),
(151, 16, 16, 13, '1', 1.13, 8, 19, '2019-12-04', 0, 0),
(152, 16, 4, 15, '1', 1.9, 3.2, 4, '2019-12-03', 0, 0),
(153, 16, 3, 14, '1', 2.25, 3.2, 3.05, '2019-12-04', 0, 0),
(154, 16, 6, 12, 'D', 3, 3, 2.4, '2019-12-04', 0, 0),
(155, 16, 1, 17, 'D', 2.68, 2.9, 2.92, '2020-01-15', 0, 0),
(156, 16, 8, 7, '2', 2, 3.55, 3.9, '2019-12-03', 0, 0),
(157, 16, 2, 9, '2', 2.8, 3.15, 2.45, '2019-12-03', 0, 0),
(158, 16, 5, 19, '1', 3, 3.05, 2.35, '2019-12-03', 0, 0),
(159, 16, 20, 11, '2', 3.75, 3.65, 1.83, '2019-12-04', 0, 0),
(160, 16, 10, 18, '2', 2.95, 2.95, 2.42, '2019-12-04', 0, 0),
(161, 17, 15, 8, '2', 4, 3.85, 1.85, '2019-12-06', 2, 0),
(162, 17, 14, 10, '1', 1.77, 3.35, 4.5, '2019-12-07', 0, 0),
(163, 17, 12, 16, '2', 6.55, 4.8, 1.45, '2019-12-07', 1, 0),
(164, 17, 18, 2, '1', 2.03, 3.15, 3.6, '2019-12-07', 0, 0),
(165, 17, 17, 3, '1', 1.95, 3.15, 3.95, '2019-12-08', 0, 0),
(166, 17, 13, 6, '1', 1.73, 3.5, 4.45, '2019-12-08', 0, 0),
(167, 17, 19, 20, '1', 1.66, 3.7, 4.7, '2019-12-07', 0, 0),
(168, 17, 9, 4, '1', 1.58, 3.9, 5.15, '2019-12-08', 0, 0),
(169, 17, 11, 1, '1', 1.42, 4.45, 6.3, '2019-12-07', 0, 0),
(170, 17, 7, 5, '1', 1.38, 4.45, 7.4, '2019-12-06', 0, 0),
(171, 18, 15, 13, '2', 3.2, 3.05, 2.24, '2019-12-14', 0, 0),
(172, 18, 3, 16, '2', 7.15, 5, 1.34, '2019-12-15', 1, 0),
(173, 18, 8, 18, '2', 1.65, 3.75, 4.8, '2019-12-15', 0, 0),
(174, 18, 2, 11, 'D', 3, 3.4, 2.18, '2019-12-14', 0, 0),
(175, 18, 4, 19, '2', 2.18, 3.1, 3.3, '2019-12-15', 0, 0),
(176, 18, 20, 17, '2', 3.1, 3.05, 2.29, '2019-12-14', 0, 0),
(177, 18, 7, 12, '1', 1.8, 3.25, 4.45, '2019-12-13', 0, 0),
(178, 18, 10, 9, 'D', 4.4, 3.5, 1.75, '2019-12-14', 0, 0),
(179, 18, 1, 6, 'D', 1.97, 3.25, 3.07, '2019-12-14', 0, 0),
(180, 18, 5, 14, 'D', 2.6, 3.25, 2.55, '2019-12-14', 0, 0),
(181, 19, 12, 5, '1', 1.51, 3.7, 3.3, '2019-12-21', 0, 0),
(182, 19, 6, 10, 'D', 1.99, 3, 3.7, '2019-12-21', 0, 0),
(183, 19, 18, 4, '1', 1.91, 3.2, 3.8, '2019-12-21', 0, 0),
(184, 19, 19, 3, '1', 1.96, 3.1, 3.65, '2019-12-21', 0, 0),
(185, 19, 11, 7, '1', 2, 3.4, 3.3, '2019-12-21', 0, 0),
(186, 19, 17, 8, 'D', 2.72, 2.9, 2.52, '2019-12-21', 0, 0),
(187, 19, 13, 2, '2', 2.01, 3, 3.65, '2019-12-21', 0, 0),
(188, 19, 14, 20, '1', 1.63, 3.75, 4.45, '2019-12-21', 0, 0),
(189, 19, 16, 1, '1', 1.06, 12, 30, '2019-12-21', 0, 0),
(190, 19, 9, 15, '1', 1.26, 5.05, 8.8, '2019-12-21', 0, 0),
(191, 20, 20, 5, '2', 2.25, 3.35, 3.23, '2020-01-11', 0, 0),
(192, 20, 1, 12, '2', 3.5, 3.1, 2.25, '2020-01-11', 0, 0),
(193, 20, 4, 8, '2', 3.3, 3.3, 2.35, '2020-01-11', 0, 0),
(194, 20, 2, 14, 'D', 1.9, 3.6, 4.2, '2020-01-11', 0, 0),
(195, 20, 18, 9, '2', 2.65, 3, 2.6, '2020-01-10', 0, 0),
(196, 20, 15, 17, '1', 3.35, 3, 2.4, '2020-01-11', 0, 1),
(197, 20, 10, 19, '1', 3, 3, 2.6, '2020-01-11', 0, 0),
(198, 20, 6, 7, 'D', 4.3, 3.4, 1.9, '2020-01-12', 1, 1),
(199, 20, 16, 11, 'D', 1.2, 7.5, 12, '2020-01-12', 0, 0),
(200, 20, 3, 13, '2', 2.6, 2.95, 3.05, '2020-01-12', 0, 0),
(201, 21, 5, 1, '1', 2.07, 3.4, 3.65, '2020-01-25', 0, 0),
(202, 21, 9, 2, 'D', 1.75, 3.75, 4.7, '2020-01-25', 0, 0),
(203, 21, 11, 19, '2', 1.6, 4.15, 5.45, '2020-01-25', 0, 0),
(204, 21, 12, 6, '1', 1.62, 3.85, 5.75, '2020-01-25', 0, 1),
(205, 21, 17, 10, '2', 1.86, 3.15, 5, '2020-01-25', 0, 0),
(206, 21, 3, 15, '1', 1.74, 3.7, 4.85, '2020-01-25', 0, 0),
(207, 21, 14, 18, 'D', 2.77, 3.15, 2.9, '2020-01-24', 0, 0),
(208, 21, 8, 20, '1', 1.25, 6.4, 10.5, '2020-01-26', 0, 0),
(209, 21, 13, 4, '2', 1.86, 3.28, 4.75, '2020-01-26', 1, 0),
(210, 21, 7, 16, '2', 6.2, 5.6, 1.41, '2020-01-26', 0, 0),
(211, 22, 18, 13, '1', 2.1, 2.92, 3.75, '2020-01-31', 0, 0),
(212, 22, 16, 12, '1', 1.1, 8.15, 18, '2020-02-01', 0, 1),
(213, 22, 1, 20, 'D', 1.91, 3.38, 3.75, '2020-02-01', 0, 0),
(214, 22, 2, 17, '2', 1.98, 3.02, 4, '2020-02-01', 0, 0),
(215, 22, 6, 5, '1', 1.98, 3.4, 3.5, '2020-02-01', 0, 0),
(216, 22, 15, 11, '1', 4.4, 3.9, 1.66, '2020-02-01', 0, 1),
(217, 22, 19, 7, '2', 2.6, 2.95, 2.75, '2020-02-01', 0, 0),
(218, 22, 14, 8, '1', 3.28, 3.48, 2.03, '2020-02-02', 1, 1),
(219, 22, 10, 3, '1', 2.6, 2.9, 2.82, '2020-02-02', 0, 0),
(220, 22, 4, 9, 'D', 3.38, 3.12, 2.14, '2020-02-02', 0, 0),
(221, 23, 7, 18, '1', 2.02, 3.35, 3.75, '2020-02-04', 0, 0),
(222, 23, 11, 2, '1', 1.88, 3.55, 4.1, '2020-02-04', 0, 0),
(223, 23, 13, 16, '2', 8.15, 5.25, 1.34, '2020-02-04', 0, 0),
(224, 23, 8, 1, 'D', 1.29, 5.15, 9.1, '2020-02-05', 0, 0),
(225, 23, 5, 4, 'D', 2.5, 3.1, 2.78, '2020-02-05', 1, 0),
(226, 23, 20, 19, '2', 3.15, 3.05, 2.32, '2020-02-05', 0, 0),
(227, 23, 15, 6, '1', 2.2, 3.15, 3.2, '2020-02-05', 0, 0),
(228, 23, 17, 14, 'D', 2.05, 3.05, 3.8, '2020-02-05', 0, 0),
(229, 23, 12, 10, 'D', 1.66, 3.35, 5.55, '2020-02-05', 0, 0),
(230, 23, 3, 9, '2', 2.88, 3.2, 2.4, '2020-02-05', 0, 0),
(231, 24, 2, 7, '2', 2.55, 3.08, 2.95, '2020-02-07', 0, 0),
(232, 24, 9, 20, '1', 1.32, 5.2, 9.4, '2020-02-08', 0, 0),
(233, 24, 1, 11, '2', 3.9, 3.6, 1.93, '2020-02-08', 0, 0),
(234, 24, 6, 13, 'D', 2.6, 3.15, 2.82, '2020-02-08', 0, 0),
(235, 24, 10, 4, '2', 2.52, 3.02, 3.05, '2020-02-08', 1, 0),
(236, 24, 14, 15, '2', 1.92, 3.55, 4, '2020-02-08', 1, 0),
(237, 24, 18, 5, 'D', 1.54, 4.2, 5.95, '2020-02-08', 0, 0),
(238, 24, 12, 3, '1', 2.05, 3.12, 3.6, '2020-02-09', 1, 0),
(239, 24, 19, 17, '1', 2.13, 2.92, 3.65, '2020-02-09', 0, 0),
(240, 24, 16, 8, '1', 1.26, 6, 8.15, '2020-02-09', 0, 0),
(241, 25, 11, 12, '1', 1.73, 3.6, 4.35, '2020-02-14', 0, 0),
(242, 25, 1, 16, 'D', 7.6, 5.6, 1.29, '2020-02-15', 0, 0),
(243, 25, 4, 6, 'D', 1.8, 3.28, 4.5, '2020-02-15', 0, 0),
(244, 25, 13, 10, 'D', 1.73, 3.35, 4.8, '2020-02-15', 0, 1),
(245, 25, 15, 2, '1', 2.44, 3.32, 2.38, '2020-02-15', 0, 1),
(246, 25, 20, 14, '2', 2.75, 3.32, 2.38, '2020-02-15', 2, 0),
(247, 25, 8, 19, 'D', 1.57, 3.85, 5.4, '2020-02-16', 0, 0),
(248, 25, 5, 3, '1', 2.82, 3.18, 2.41, '2020-02-16', 0, 0),
(249, 25, 17, 18, '1', 2.55, 2.92, 2.88, '2020-02-16', 0, 0),
(250, 25, 7, 9, '2', 2.17, 3.25, 3.18, '2020-02-16', 0, 0),
(251, 26, 14, 5, 'D', 1.77, 3.5, 4.25, '2020-02-21', 0, 0),
(252, 26, 10, 8, '2', 3.95, 3.45, 1.85, '2020-02-21', 1, 0),
(253, 26, 9, 13, '2', 1.63, 3.6, 5.1, '2020-02-22', 0, 0),
(254, 26, 2, 12, '1', 2.36, 3, 3.05, '2020-02-22', 0, 0),
(255, 26, 6, 11, 'D', 3.42, 3.5, 1.98, '2020-02-22', 0, 0),
(256, 26, 7, 20, '1', 1.41, 4.2, 7.25, '2020-02-22', 0, 0),
(257, 26, 19, 1, 'D', 1.69, 3.5, 4.85, '2020-02-22', 0, 0),
(258, 26, 3, 17, 'D', 2.06, 3.12, 3.6, '2020-02-23', 0, 0),
(259, 26, 18, 15, '1', 1.59, 3.65, 5.5, '2020-02-23', 0, 1),
(260, 26, 16, 4, '1', 1.13, 7.2, 16, '2020-02-23', 1, 0),
(261, 27, 15, 9, '2', 3.42, 3.3, 2.04, '2020-02-28', 0, 0),
(262, 27, 16, 6, '1', 1.07, 9.9, 22, '2020-02-29', 0, 0),
(263, 27, 1, 10, '2', 2.08, 3.12, 3.5, '2020-02-29', 0, 0),
(264, 27, 5, 2, '2', 2.46, 3.12, 2.82, '2020-02-29', 0, 0),
(265, 27, 11, 17, 'D', 1.62, 3.75, 5.05, '2020-02-29', 0, 0),
(266, 27, 12, 19, '1', 2.12, 3.1, 3.45, '2020-02-29', 0, 0),
(267, 27, 20, 18, '2', 3.08, 3.32, 2.19, '2020-02-29', 0, 0),
(268, 27, 13, 7, '2', 2.8, 3.02, 2.52, '2020-03-01', 0, 0),
(269, 27, 4, 14, 'D', 1.94, 3.3, 3.8, '2020-03-01', 0, 0),
(270, 27, 8, 3, '1', 1.58, 3.9, 5.05, '2020-03-01', 0, 0),
(271, 28, 7, 8, '1', 2.07, 3.25, 3.42, '2020-03-08', 0, 0),
(272, 28, 19, 16, NULL, 4.5, 3.8, 1.69, '2020-03-07', 0, 0),
(273, 28, 9, 1, 'D', 1.54, 4, 6.55, '2020-03-06', 0, 0),
(274, 28, 2, 13, '1', 2.34, 2.98, 3.12, '2020-03-07', 0, 0),
(275, 28, 6, 20, '1', 1.82, 3.5, 4, '2020-03-07', 0, 0),
(276, 28, 10, 15, '1', 2.18, 3.05, 3.35, '2020-03-07', 0, 0),
(277, 28, 14, 11, '1', 3.25, 3.6, 2, '2020-03-07', 0, 1),
(278, 28, 17, 5, '1', 1.73, 3.38, 4.75, '2020-03-07', 1, 0),
(279, 28, 3, 4, 'D', 2.23, 3.12, 3.18, '2020-03-08', 1, 0),
(280, 28, 18, 12, '1', 2, 3.2, 3.65, '2020-03-08', 0, 0),
(281, 29, 8, 17, NULL, 1.85, 3.22, 4.4, '2020-03-13', 0, 0),
(282, 29, 12, 9, NULL, 2.68, 2.98, 2.68, '2020-03-14', 0, 0),
(283, 29, 1, 2, NULL, 2.6, 2.92, 2.85, '2020-03-14', 0, 0),
(284, 29, 5, 7, NULL, 4.1, 3.4, 1.85, '2020-03-14', 0, 0),
(285, 29, 13, 15, NULL, 1.91, 3.18, 4.15, '2020-03-14', 0, 0),
(286, 29, 19, 6, NULL, 1.79, 3.35, 4.55, '2020-03-14', 0, 0),
(287, 29, 20, 10, NULL, 2.68, 3.02, 2.65, '2020-03-14', 0, 0),
(288, 29, 4, 18, NULL, 2.85, 3.02, 2.5, '2020-03-15', 0, 0),
(289, 29, 11, 3, NULL, 1.66, 3.8, 4.6, '2020-03-14', 0, 0),
(290, 29, 16, 14, NULL, 1.13, 8.1, 14, '2020-03-15', 0, 0);

-- --------------------------------------------------------

--
-- Structure de la table `player`
--

CREATE TABLE `player` (
  `id_player` int(11) NOT NULL,
  `name` varchar(50) NOT NULL,
  `firstname` varchar(50) NOT NULL,
  `position` enum('Goalkeeper','Defender','Midfielder','Forward') NOT NULL
) ENGINE=InnoDB DEFAULT CHARSET=utf8;

--
-- Contenu de la table `player`
--

INSERT INTO `player` (`id_player`, `name`, `firstname`, `position`) VALUES
(1, 'Chedjou', 'Aurélien', 'Defender'),
(2, 'Guirassy', 'Serhou', 'Forward'),
(3, 'Mendoza', 'Stiven', 'Forward'),
(4, 'Manceau', 'Vincent', 'Defender'),
(5, 'Capelle', 'Pierrick', 'Midfielder'),
(8, 'Mangani', 'Thomas', 'Midfielder'),
(9, 'Pereira Lage', 'Mathias', 'Midfielder'),
(10, 'Santamaria', 'Baptiste', 'Midfielder'),
(11, 'Thomas', 'Romain', 'Defender'),
(14, 'Bouanga', 'Denis', 'Forward'),
(15, 'Fofana', 'Wesley', 'Defender'),
(16, 'Hamouma', 'Romain', 'Forward'),
(17, 'Perrin', 'Loic', 'Defender'),
(18, 'Saliba', 'William', 'Defender'),
(19, 'Trauco', 'Miguel', 'Defender'),
(20, 'Ruffier', 'Stéphane', 'Goalkeeper'),
(21, 'Youssouf', 'Zaydou', 'Midfielder'),
(22, 'Adli', 'Yacine', 'Midfielder'),
(23, 'Benito', 'Loris', 'Defender'),
(24, 'Costil', 'Benoit', 'Goalkeeper'),
(25, 'De Préville', 'Nicolas', 'Forward'),
(26, 'Hwang', 'Huijo', 'Forward'),
(27, 'Koscielny', 'Laurent', 'Defender'),
(28, 'Maja', 'Josh', 'Forward'),
(29, 'Mexer', '', 'Defender'),
(30, 'Pablo', '', 'Defender'),
(31, 'Otavio', '', 'Midfielder'),
(32, 'Sabaly', 'Youssouf', 'Defender'),
(33, 'Tchouaméni', 'Aurélien', 'Midfielder'),
(34, 'Baal', 'Ludovic', 'Defender'),
(35, 'Battochio', 'Cristian', 'Midfielder'),
(36, 'Castelletto', 'Jean-Charles', 'Defender'),
(37, 'Chardonnet', 'Brendan', 'Defender'),
(38, 'Court', 'Yoann', 'Midfielder'),
(39, 'Larsonneur', 'Gautier', 'Goalkeeper'),
(40, 'Lasne', 'Paul', 'Midfielder'),
(41, 'Léon', 'Donovan', 'Goalkeeper'),
(42, 'Cadiz', 'Jhonder', 'Forward'),
(43, 'Chafik', 'Fouad', 'Defender'),
(44, 'Chouiar', 'Mounir', 'Midfielder'),
(45, 'Gomis', 'Alfred', 'Goalkeeper'),
(46, 'Baldé', 'Mama', 'Forward'),
(47, 'Ndong', 'Didier', 'Midfielder'),
(48, 'André', 'Benjamin', 'Midfielder'),
(49, 'Ikoné', 'Jonathan', 'Forward'),
(50, 'Araujo', 'Luis', 'Midfielder'),
(51, 'Osimhen', 'Victor', 'Forward'),
(52, 'Sanchez', 'Renato', 'Midfielder'),
(53, 'Yazici', 'Yusuf', 'Midfielder'),
(54, 'Anderson', 'Joachim', 'Defender'),
(55, 'Aouar', 'Houssem', 'Midfielder'),
(56, 'Cornet', 'Maxime', 'Forward'),
(57, 'Dembélé', 'Moussa', 'Forward'),
(58, 'Depay', 'Memphis', 'Forward'),
(59, 'Reine-Adélaide', 'Jeff', 'Midfielder'),
(60, 'Terrier', 'Martin', 'Midfielder'),
(61, 'Tete', 'Kenny', 'Defender'),
(62, 'Tousart', 'Lucas', 'Midfielder'),
(63, 'Amavi', 'Jordan', 'Defender'),
(64, 'Benedetto', 'Dario', 'Forward'),
(65, 'Caleta-Car', 'Duje', 'Defender'),
(66, 'Mandanda', 'Steve', 'Goalkeeper'),
(67, 'Payet', 'Dimitri', 'Midfielder'),
(68, 'Perrin', 'Lucas', 'Defender'),
(69, 'Sakai', 'Hiroki', 'Defender'),
(70, 'Sanson', 'Morgan', 'Midfielder'),
(71, 'Centonze', 'Fabien', 'Defender'),
(72, 'Cohade', 'Renaud', 'Midfielder'),
(73, 'Diallo', 'Habibou', 'Forward'),
(74, 'Maiga', 'Habib', 'Midfielder'),
(75, 'Ndoram', 'Kévin', 'Midfielder'),
(76, 'Nguette', 'Opa', 'Forward'),
(77, 'Oukidja', 'Alexandre', 'Goalkeeper'),
(78, 'Sunzu', 'Stoppila', 'Defender'),
(79, 'Aguilar', 'Ruben', 'Defender'),
(80, 'Baldé', 'Keita', 'Midfielder'),
(81, 'Ben Yedder', 'Wissam', 'Forward'),
(82, 'Martins', 'Gelson', 'Midfielder'),
(83, 'Golovine', 'Aleksandr', 'Midfielder'),
(84, 'Lecomte', 'Benjamin', 'Goalkeeper'),
(85, 'Maripan', 'Guillermo', 'Defender'),
(86, 'Slimani', 'Islam', 'Forward'),
(87, 'Congré', 'Daniel', 'Defender'),
(88, 'Delort', 'Andy', 'Forward'),
(89, 'Ferri', 'Jordan', 'Midfielder'),
(90, 'Hilton', 'Vitorino', 'Defender'),
(91, 'Mollet', 'Florent', 'Forward'),
(92, 'Oyongo', 'Ambroise', 'Defender'),
(93, 'Rulli', 'Geronimo', 'Goalkeeper'),
(94, 'Souquet', 'Arnaud', 'Defender'),
(95, 'Bamba', 'Abdoul Kader', 'Forward'),
(96, 'Fabio', '', 'Defender'),
(97, 'Girotto', 'Andrei', 'Defender'),
(98, 'Lafont', 'Alban', 'Goalkeeper'),
(99, 'Louza', 'Imran', 'Midfielder'),
(100, 'Pallois', 'Nicolas', 'Defender'),
(101, 'Atal', 'Youssef', 'Defender'),
(102, 'Coly', 'Racine', 'Defender'),
(103, 'Cyprien', 'Wylan', 'Midfielder'),
(104, 'Dante', '', 'Defender'),
(105, 'Dolberg', 'Kasper', 'Forward'),
(106, 'Lees-Melou', 'Pierre', 'Midfielder'),
(107, 'Lusamba', 'Arnaud', 'Midfielder'),
(108, 'Sarr', 'Malang', 'Defender'),
(109, 'Denkey', 'Kevin', 'Forward'),
(110, 'Feraht', 'Zinedine', 'Midfielder'),
(111, 'Miguel', 'Florian', 'Defender'),
(112, 'Philippoteaux', 'Romain', 'Forward'),
(113, 'Valls', 'Théo', 'Midfielder'),
(114, 'Bernat', 'Juan', 'Defender'),
(115, 'Choupo-Moting', 'Eric Maxim', 'Forward'),
(116, 'Dagba', 'Colin', 'Defender'),
(117, 'Di Maria', 'Angel', 'Midfielder'),
(118, 'Gueye', 'Idrissa', 'Midfielder'),
(119, 'Herrera', 'Ander', 'Defender'),
(120, 'Icardi', 'Mauro', 'Forward'),
(121, 'Kimpembe', 'Presnel', 'Defender'),
(122, 'Marquinhos', '', 'Midfielder'),
(123, 'Mbappé', 'Kylian', 'Forward'),
(124, 'Navas', 'Keylor', 'Goalkeeper'),
(125, 'Neymar', '', 'Forward'),
(126, 'Paredes', 'Leandro', 'Forward'),
(127, 'Thiago Silva', '', 'Defender'),
(128, 'Verratti', 'Marco', 'Midfielder'),
(129, 'Abdelhamid', 'Yunis', 'Defender'),
(130, 'Dia', 'Boulaye', 'Forward'),
(131, 'Disasi', 'Axel', 'Defender'),
(132, 'Foket', 'Thomas', 'Defender'),
(133, 'Kamara', 'Hassane', 'Defender'),
(134, 'Munetsi', 'Marshall', 'Midfielder'),
(135, 'Rajkovic', 'Predrag', 'Goalkeeper'),
(136, 'Camavinga', 'Eduardo', 'Midfielder'),
(137, 'Da Silva', 'Damien', 'Defender'),
(138, 'Gélin', 'Jérémy', 'Defender'),
(139, 'Mendy', 'Édouard', 'Goalkeeper'),
(140, 'Niang', 'M Baye', 'Forward'),
(141, 'Traoré', 'Hamari', 'Defender'),
(142, 'Ajorque', 'Ludovic', 'Forward'),
(143, 'Caci', 'Anthony', 'Defender'),
(144, 'Carole', 'Lionel', 'Defender'),
(145, 'Djiku', 'Alexander', 'Defender'),
(146, 'Liénard', 'Dimitri', 'Midfielder'),
(147, 'Ndour', 'Abdallah', 'Midfielder'),
(148, 'Simakan', 'Mohamed', 'Defender'),
(149, 'Makengo', 'Jean-Victor', 'Midfielder'),
(150, 'Vainqueur', 'William', 'Midfielder'),
(151, 'Caqueret', 'Maxence', 'Midfielder'),
(152, 'Charbonnier', 'Gaetan', 'Forward'),
(153, 'Appiah', 'Denis', 'Defender'),
(154, 'Ecuele Manga', 'Bruno', 'Defender'),
(155, 'Boye', 'John', 'Defender'),
(156, 'Blas', 'Ludovic', 'Midfielder'),
(157, 'Kamara', 'Boubacar', 'Defender'),
(158, 'Marçal', 'Fernando', 'Defender'),
(159, 'Tatarusanu', 'Ciprian', 'Goalkeeper'),
(160, 'Traoré', 'Ismael', 'Defender'),
(161, 'Pajot', 'Vincent', 'Midfielder'),
(162, 'Thomasson', 'Adrien', 'Midfielder'),
(163, 'Mitrovic', 'Stefan', 'Defender'),
(164, 'Mendy', 'Alexandre', 'Forward'),
(165, 'Rémy', 'Loic', 'Forward'),
(166, 'Reinildo', '', 'Defender'),
(167, 'Fofana', 'Youssouf', 'Midfielder'),
(168, 'Simon', 'Moses', 'Forward'),
(170, 'Savanier', 'Téji', 'Midfielder'),
(171, 'Chavalerin', 'Xavier', 'Midfielder'),
(172, 'Claude-Maurice', '', 'Midfielder'),
(173, 'Kurzawa', 'Layvin', 'Defender'),
(174, 'Gabriel', '', 'Defender'),
(175, 'Lala', 'Kenny', 'Defender'),
(176, 'Germain', 'Valère', 'Forward'),
(177, 'Hérelle', 'Christophe', 'Defender'),
(178, 'Glik', 'Kamil', 'Defender'),
(179, 'Kouassi', 'Tanguy', 'Defender'),
(180, 'Saar', 'Sidy', 'Midfielder'),
(181, 'Kakuta', 'Gael', 'Forward'),
(182, 'Gurtner', 'Régis', 'Goalkeeper'),
(183, 'Bradaric', 'Domagoj', 'Defender'),
(184, 'Sarabia', 'Pablo', 'Midfielder'),
(185, 'Tait', 'Flavien', 'Midfielder'),
(186, 'Hunou', 'Adrien', 'Forward'),
(187, 'Maouassa', 'Faitout', 'Defender');

-- --------------------------------------------------------

--
-- Structure de la table `season`
--

CREATE TABLE `season` (
  `id_season` int(11) NOT NULL,
  `name` varchar(9) NOT NULL
) ENGINE=InnoDB DEFAULT CHARSET=utf8;

--
-- Contenu de la table `season`
--

INSERT INTO `season` (`id_season`, `name`) VALUES
(1, '2019-2020'),
(2, '2020-2021');

-- --------------------------------------------------------

--
-- Structure de la table `season_championship_team`
--

CREATE TABLE `season_championship_team` (
  `id_season_championship_team` int(11) NOT NULL,
  `id_season` int(11) NOT NULL,
  `id_championship` int(11) NOT NULL,
  `id_team` int(11) NOT NULL
) ENGINE=InnoDB DEFAULT CHARSET=utf8;

--
-- Contenu de la table `season_championship_team`
--

INSERT INTO `season_championship_team` (`id_season_championship_team`, `id_season`, `id_championship`, `id_team`) VALUES
(1, 1, 1, 1),
(2, 1, 1, 2),
(3, 1, 1, 3),
(4, 1, 1, 4),
(5, 1, 1, 5),
(6, 1, 1, 6),
(7, 1, 1, 7),
(8, 1, 1, 8),
(9, 1, 1, 9),
(10, 1, 1, 10),
(11, 1, 1, 11),
(12, 1, 1, 12),
(13, 1, 1, 13),
(14, 1, 1, 14),
(15, 1, 1, 15),
(16, 1, 1, 16),
(17, 1, 1, 17),
(18, 1, 1, 18),
(19, 1, 1, 19),
(20, 1, 1, 20),
(21, 1, 2, 1),
(22, 1, 2, 2);

-- --------------------------------------------------------

--
-- Structure de la table `season_team_player`
--

CREATE TABLE `season_team_player` (
  `id_season_team_player` int(11) NOT NULL,
  `id_season` int(11) NOT NULL,
  `id_team` int(11) NOT NULL,
  `id_player` int(11) NOT NULL
) ENGINE=InnoDB DEFAULT CHARSET=utf8;

--
-- Contenu de la table `season_team_player`
--

INSERT INTO `season_team_player` (`id_season_team_player`, `id_season`, `id_team`, `id_player`) VALUES
(1, 1, 17, 129),
(2, 1, 4, 22),
(3, 1, 11, 79),
(4, 1, 19, 142),
(5, 1, 9, 63),
(6, 1, 8, 54),
(7, 1, 7, 48),
(8, 1, 8, 55),
(9, 1, 14, 101),
(10, 1, 5, 34),
(11, 1, 11, 80),
(12, 1, 13, 95),
(13, 1, 5, 35),
(14, 1, 11, 81),
(15, 1, 9, 64),
(16, 1, 4, 23),
(17, 1, 3, 14),
(18, 1, 16, 114),
(19, 1, 19, 143),
(20, 1, 6, 42),
(21, 1, 9, 65),
(22, 1, 18, 136),
(23, 1, 2, 5),
(24, 1, 19, 144),
(25, 1, 5, 36),
(26, 1, 10, 71),
(27, 1, 6, 43),
(28, 1, 5, 37),
(29, 1, 1, 1),
(30, 1, 6, 44),
(31, 1, 16, 115),
(32, 1, 10, 72),
(33, 1, 12, 87),
(34, 1, 14, 102),
(35, 1, 8, 56),
(36, 1, 4, 24),
(37, 1, 5, 38),
(38, 1, 14, 103),
(39, 1, 18, 137),
(40, 1, 16, 116),
(41, 1, 14, 104),
(42, 1, 4, 25),
(43, 1, 12, 88),
(44, 1, 8, 57),
(45, 1, 15, 109),
(46, 1, 8, 58),
(47, 1, 16, 117),
(48, 1, 17, 130),
(49, 1, 10, 73),
(50, 1, 17, 131),
(51, 1, 19, 145),
(52, 1, 14, 105),
(53, 1, 13, 96),
(54, 1, 13, 96),
(55, 1, 15, 110),
(56, 1, 12, 89),
(57, 1, 3, 15),
(58, 1, 17, 132),
(59, 1, 11, 82),
(60, 1, 18, 138),
(61, 1, 13, 97),
(62, 1, 11, 83),
(63, 1, 6, 45),
(64, 1, 16, 118),
(65, 1, 1, 2),
(66, 1, 3, 16),
(67, 1, 16, 119),
(68, 1, 12, 90),
(69, 1, 4, 26),
(70, 1, 16, 120),
(71, 1, 7, 49),
(72, 1, 17, 133),
(73, 1, 16, 121),
(74, 1, 4, 27),
(75, 1, 13, 98),
(76, 1, 11, 84),
(77, 1, 5, 40),
(78, 1, 14, 106),
(79, 1, 5, 41),
(80, 1, 19, 146),
(81, 1, 13, 99),
(82, 1, 7, 50),
(83, 1, 14, 107),
(84, 1, 6, 46),
(85, 1, 10, 74),
(86, 1, 4, 28),
(87, 1, 20, 149),
(88, 1, 2, 4),
(89, 1, 9, 66),
(90, 1, 2, 8),
(91, 1, 11, 85),
(92, 1, 16, 122),
(93, 1, 16, 123),
(94, 1, 1, 3),
(95, 1, 18, 139),
(96, 1, 4, 29),
(97, 1, 15, 111),
(98, 1, 12, 91),
(99, 1, 17, 134),
(100, 1, 16, 124),
(101, 1, 6, 47),
(102, 1, 10, 75),
(103, 1, 19, 147),
(104, 1, 16, 125),
(105, 1, 10, 76),
(106, 1, 18, 140),
(107, 1, 7, 51),
(108, 1, 4, 31),
(109, 1, 10, 77),
(110, 1, 12, 92),
(111, 1, 4, 30),
(112, 1, 13, 100),
(113, 1, 16, 126),
(114, 1, 9, 67),
(115, 1, 2, 9),
(116, 1, 3, 17),
(117, 1, 9, 68),
(118, 1, 15, 112),
(119, 1, 17, 135),
(120, 1, 8, 59),
(121, 1, 3, 20),
(122, 1, 12, 93),
(123, 1, 4, 32),
(124, 1, 9, 69),
(125, 1, 3, 18),
(126, 1, 7, 52),
(127, 1, 9, 70),
(128, 1, 2, 10),
(129, 1, 14, 108),
(130, 1, 19, 148),
(131, 1, 11, 86),
(132, 1, 12, 94),
(133, 1, 10, 78),
(134, 1, 4, 33),
(135, 1, 8, 60),
(136, 1, 8, 61),
(137, 1, 16, 127),
(138, 1, 2, 11),
(139, 1, 8, 62),
(140, 1, 18, 141),
(141, 1, 3, 19),
(142, 1, 20, 150),
(143, 1, 15, 113),
(144, 1, 16, 128),
(145, 1, 7, 53),
(146, 1, 3, 21),
(147, 1, 5, 39),
(148, 1, 8, 151),
(149, 1, 5, 152),
(150, 1, 13, 153),
(151, 1, 6, 154),
(152, 1, 10, 155),
(153, 1, 13, 156),
(154, 1, 9, 157),
(155, 1, 8, 158),
(156, 1, 8, 159),
(157, 1, 2, 160),
(158, 1, 10, 161),
(159, 1, 19, 162),
(160, 1, 19, 163),
(161, 1, 5, 164),
(162, 1, 7, 165),
(163, 1, 7, 166),
(164, 1, 11, 167),
(166, 1, 12, 170),
(167, 1, 13, 168),
(168, 1, 17, 171),
(169, 1, 14, 172),
(170, 1, 16, 173),
(171, 1, 7, 174),
(172, 1, 19, 175),
(173, 1, 9, 176),
(174, 1, 14, 177),
(175, 1, 11, 178),
(176, 1, 16, 179),
(177, 1, 15, 180),
(178, 1, 1, 181),
(179, 1, 1, 182),
(180, 1, 7, 183),
(181, 1, 16, 184),
(182, 1, 18, 185),
(183, 1, 18, 186),
(184, 1, 18, 187),
(185, 1, 5, 39),
(186, 1, 7, 183),
(187, 1, 17, 171),
(188, 1, 18, 140),
(189, 1, 16, 173);

-- --------------------------------------------------------

--
-- Structure de la table `team`
--

CREATE TABLE `team` (
  `id_team` int(11) NOT NULL,
  `name` varchar(50) NOT NULL,
  `weather_code` varchar(11) NOT NULL
) ENGINE=InnoDB DEFAULT CHARSET=utf8;

--
-- Contenu de la table `team`
--

INSERT INTO `team` (`id_team`, `name`, `weather_code`) VALUES
(1, 'Amiens', '80021'),
(2, 'Angers', '49007'),
(3, 'ASSE', '42218'),
(4, 'Bordeaux', '33063'),
(5, 'Brest', '29019'),
(6, 'Dijon', '21231'),
(7, 'Lille', '59350'),
(8, 'Lyon', '69123'),
(9, 'Marseille', '13055'),
(10, 'Metz', '57463'),
(11, 'Monaco', '99999'),
(12, 'Montpellier', '34172'),
(13, 'Nantes', '44109'),
(14, 'Nice', '06088'),
(15, 'Nimes', '30189'),
(16, 'PSG', '75116'),
(17, 'Reims', '51454'),
(18, 'Rennes', '35238'),
(19, 'Strasbourg', '67482'),
(20, 'Toulouse', '31555');

-- --------------------------------------------------------

--
-- Structure de la table `teamOfTheWeek`
--

CREATE TABLE `teamOfTheWeek` (
  `id_teamOfTheWeek` int(11) NOT NULL,
  `id_matchday` int(11) NOT NULL,
  `id_player` int(11) NOT NULL,
  `rating` int(11) NOT NULL
) ENGINE=InnoDB DEFAULT CHARSET=utf8;

--
-- Contenu de la table `teamOfTheWeek`
--

INSERT INTO `teamOfTheWeek` (`id_teamOfTheWeek`, `id_matchday`, `id_player`, `rating`) VALUES
(1, 1, 20, 8),
(2, 1, 104, 7),
(3, 1, 17, 7),
(4, 1, 38, 7),
(5, 1, 130, 8),
(6, 1, 132, 6),
(7, 1, 133, 7),
(8, 1, 122, 8),
(9, 1, 51, 8),
(10, 1, 62, 8),
(11, 1, 9, 7),
(12, 2, 55, 8),
(13, 2, 136, 8),
(14, 2, 72, 8),
(15, 2, 57, 8),
(16, 2, 58, 8),
(17, 2, 73, 8),
(18, 2, 138, 7),
(19, 2, 66, 8),
(20, 2, 111, 7),
(21, 2, 78, 7),
(22, 2, 141, 7),
(23, 3, 23, 7),
(24, 3, 5, 8),
(25, 3, 37, 7),
(26, 3, 115, 8),
(27, 3, 110, 7),
(28, 3, 89, 7),
(29, 3, 90, 7),
(30, 3, 139, 8),
(31, 3, 51, 8),
(32, 3, 10, 7),
(33, 3, 94, 6),
(34, 4, 64, 7),
(35, 4, 102, 7),
(36, 4, 116, 7),
(37, 4, 117, 7),
(38, 4, 131, 7),
(39, 4, 110, 7),
(40, 4, 149, 7),
(41, 4, 135, 8),
(42, 4, 86, 8),
(43, 4, 11, 8),
(44, 4, 113, 8),
(45, 5, 48, 7),
(46, 5, 64, 8),
(47, 5, 57, 7),
(48, 5, 97, 7),
(49, 5, 16, 7),
(50, 5, 27, 7),
(51, 5, 50, 8),
(52, 5, 124, 7),
(53, 5, 125, 7),
(54, 5, 92, 7),
(55, 5, 148, 7),
(56, 6, 114, 7),
(57, 6, 1, 7),
(58, 6, 2, 8),
(59, 6, 84, 8),
(60, 6, 107, 7),
(61, 6, 4, 6),
(62, 6, 125, 7),
(63, 6, 9, 8),
(64, 6, 112, 8),
(65, 6, 127, 8),
(66, 7, 22, 8),
(67, 7, 38, 8),
(68, 7, 131, 8),
(69, 7, 96, 7),
(70, 7, 83, 9),
(71, 7, 133, 7),
(72, 7, 66, 7),
(73, 7, 134, 8),
(74, 7, 51, 8),
(75, 7, 100, 7),
(76, 7, 94, 7),
(77, 8, 1, 7),
(78, 8, 145, 7),
(79, 8, 127, 7),
(80, 8, 82, 8),
(81, 8, 118, 7),
(82, 8, 98, 9),
(83, 8, 50, 7),
(85, 8, 74, 7),
(86, 8, 147, 6),
(87, 8, 86, 9),
(88, 9, 114, 6),
(89, 9, 36, 7),
(90, 9, 25, 8),
(91, 9, 109, 7),
(92, 9, 119, 7),
(93, 9, 41, 7),
(94, 9, 3, 7),
(95, 9, 91, 8),
(96, 9, 100, 7),
(97, 9, 128, 8),
(98, 9, 21, 7),
(99, 10, 129, 8),
(100, 10, 81, 8),
(101, 10, 14, 7),
(102, 10, 36, 7),
(103, 10, 117, 7),
(104, 10, 45, 8),
(105, 10, 75, 7),
(106, 10, 69, 6),
(107, 10, 86, 8),
(108, 10, 150, 7),
(109, 10, 18, 7),
(110, 11, 34, 6),
(111, 11, 81, 7),
(112, 11, 36, 6),
(113, 11, 117, 9),
(114, 11, 120, 8),
(115, 11, 121, 7),
(116, 11, 40, 8),
(117, 11, 148, 7),
(118, 11, 128, 7),
(119, 11, 53, 8),
(120, 11, 39, 7),
(121, 12, 63, 7),
(122, 12, 101, 7),
(123, 12, 42, 8),
(124, 12, 1, 7),
(125, 12, 24, 6),
(126, 12, 58, 8),
(127, 12, 26, 8),
(128, 12, 29, 7),
(129, 12, 59, 7),
(130, 12, 70, 7),
(131, 12, 47, 7),
(132, 13, 142, 8),
(133, 13, 101, 7),
(134, 13, 14, 8),
(135, 13, 65, 6),
(136, 13, 87, 7),
(137, 13, 88, 8),
(138, 13, 83, 7),
(139, 13, 146, 8),
(140, 13, 77, 8),
(141, 13, 67, 8),
(142, 13, 19, 7),
(143, 14, 142, 7),
(144, 14, 143, 7),
(145, 14, 43, 6),
(146, 14, 44, 7),
(147, 14, 117, 8),
(148, 14, 8, 7),
(149, 14, 124, 7),
(150, 14, 30, 7),
(151, 14, 68, 6),
(152, 14, 33, 7),
(153, 14, 60, 7),
(154, 15, 63, 6),
(155, 15, 101, 7),
(156, 15, 95, 7),
(157, 15, 56, 7),
(158, 15, 24, 8),
(159, 15, 137, 7),
(160, 15, 105, 7),
(161, 15, 107, 8),
(162, 15, 30, 7),
(163, 15, 70, 7),
(164, 15, 62, 7),
(165, 16, 35, 9),
(166, 16, 14, 8),
(167, 16, 65, 7),
(168, 16, 15, 7),
(169, 16, 16, 8),
(170, 16, 28, 9),
(171, 16, 139, 7),
(172, 16, 31, 7),
(173, 16, 32, 7),
(174, 16, 69, 6),
(175, 16, 52, 7),
(176, 17, 63, 7),
(177, 17, 54, 7),
(178, 17, 103, 8),
(179, 17, 58, 8),
(180, 17, 84, 7),
(181, 17, 85, 7),
(182, 17, 140, 8),
(183, 17, 67, 8),
(184, 17, 52, 8),
(185, 17, 70, 8),
(186, 17, 61, 6),
(187, 18, 136, 7),
(188, 18, 144, 7),
(189, 18, 71, 7),
(190, 18, 131, 6),
(191, 18, 49, 7),
(192, 18, 39, 8),
(193, 18, 99, 7),
(194, 18, 123, 7),
(195, 18, 76, 7),
(196, 18, 100, 7),
(197, 18, 52, 8),
(198, 19, 79, 8),
(199, 19, 80, 8),
(200, 19, 143, 7),
(201, 19, 65, 7),
(202, 19, 106, 7),
(203, 19, 123, 8),
(204, 19, 91, 8),
(205, 19, 125, 8),
(206, 19, 126, 7),
(207, 19, 93, 7),
(208, 19, 108, 7),
(209, 8, 46, 7),
(210, 20, 81, 8),
(211, 20, 125, 8),
(212, 20, 151, 7),
(213, 20, 77, 7),
(214, 20, 157, 7),
(215, 20, 153, 6),
(216, 20, 154, 7),
(217, 20, 155, 7),
(218, 20, 152, 8),
(219, 20, 156, 7),
(220, 20, 158, 6),
(221, 21, 159, 6),
(222, 21, 71, 7),
(223, 21, 160, 6),
(224, 21, 63, 6),
(225, 21, 91, 7),
(226, 21, 125, 8),
(227, 21, 73, 7),
(228, 21, 162, 8),
(229, 21, 161, 7),
(230, 21, 163, 7),
(231, 21, 164, 7),
(232, 22, 105, 8),
(233, 22, 125, 8),
(234, 22, 45, 8),
(235, 22, 131, 8),
(236, 22, 76, 8),
(237, 22, 73, 7),
(238, 22, 43, 7),
(239, 23, 124, 8),
(240, 23, 71, 7),
(241, 23, 104, 7),
(242, 23, 145, 7),
(243, 23, 67, 7),
(244, 23, 166, 6),
(245, 23, 165, 7),
(246, 23, 48, 7),
(247, 23, 170, 7),
(248, 23, 167, 7),
(249, 23, 168, 7),
(250, 22, 173, 7),
(251, 22, 172, 7),
(252, 22, 171, 7),
(253, 22, 174, 7),
(254, 24, 66, 7),
(255, 24, 81, 7),
(256, 24, 37, 7),
(257, 24, 174, 7),
(258, 24, 111, 6),
(259, 24, 31, 7),
(260, 24, 52, 8),
(261, 24, 112, 8),
(262, 24, 117, 8),
(263, 24, 88, 7),
(264, 24, 175, 7),
(265, 25, 77, 7),
(266, 25, 63, 7),
(267, 25, 44, 7),
(268, 25, 2, 7),
(269, 25, 83, 7),
(270, 25, 180, 7),
(271, 25, 181, 7),
(272, 25, 177, 7),
(273, 25, 178, 7),
(274, 25, 176, 7),
(275, 25, 179, 7),
(276, 26, 140, 7),
(277, 26, 165, 8),
(278, 26, 117, 6),
(279, 26, 128, 7),
(280, 26, 99, 7),
(281, 26, 141, 7),
(282, 26, 122, 6),
(283, 26, 100, 7),
(284, 26, 95, 8),
(285, 26, 182, 7),
(286, 26, 183, 7),
(287, 27, 135, 9),
(288, 27, 158, 7),
(289, 27, 11, 7),
(290, 27, 178, 7),
(291, 27, 180, 6),
(292, 27, 170, 8),
(293, 27, 48, 7),
(294, 27, 133, 7),
(295, 27, 123, 8),
(296, 27, 64, 8),
(297, 27, 184, 7),
(298, 28, 135, 8),
(299, 28, 185, 8),
(300, 28, 71, 8),
(301, 28, 136, 8),
(302, 28, 105, 8),
(303, 28, 154, 7),
(304, 28, 11, 7),
(305, 28, 49, 7),
(306, 28, 186, 7),
(307, 28, 52, 7),
(308, 28, 187, 7);

--
-- Index pour les tables exportées
--

--
-- Index pour la table `championship`
--
ALTER TABLE `championship`
  ADD PRIMARY KEY (`id_championship`);

--
-- Index pour la table `criterion`
--
ALTER TABLE `criterion`
  ADD PRIMARY KEY (`id_criterion`),
  ADD KEY `C_Match` (`id_matchgame`);

--
-- Index pour la table `fp_theme`
--
ALTER TABLE `fp_theme`
  ADD PRIMARY KEY (`id_fp_theme`);

--
-- Index pour la table `fp_user`
--
ALTER TABLE `fp_user`
  ADD PRIMARY KEY (`id_fp_user`),
  ADD KEY `FPU_theme` (`theme`);

--
-- Index pour la table `marketValue`
--
ALTER TABLE `marketValue`
  ADD PRIMARY KEY (`id_marketValue`),
  ADD KEY `MV_Season` (`id_season`),
  ADD KEY `MV_Team` (`id_team`);

--
-- Index pour la table `matchday`
--
ALTER TABLE `matchday`
  ADD PRIMARY KEY (`id_matchday`),
  ADD KEY `MD_Season` (`id_season`),
  ADD KEY `MD_Championship` (`id_championship`);

--
-- Index pour la table `matchgame`
--
ALTER TABLE `matchgame`
  ADD PRIMARY KEY (`id_matchgame`),
  ADD KEY `MG_Team1` (`team_1`),
  ADD KEY `MG_Team2` (`team_2`),
  ADD KEY `MG_Matchday` (`id_matchday`);

--
-- Index pour la table `player`
--
ALTER TABLE `player`
  ADD PRIMARY KEY (`id_player`);

--
-- Index pour la table `season`
--
ALTER TABLE `season`
  ADD PRIMARY KEY (`id_season`);

--
-- Index pour la table `season_championship_team`
--
ALTER TABLE `season_championship_team`
  ADD PRIMARY KEY (`id_season_championship_team`),
  ADD KEY `SCT_Season` (`id_season`),
  ADD KEY `SCT_Championship` (`id_championship`),
  ADD KEY `SCT_Team` (`id_team`);

--
-- Index pour la table `season_team_player`
--
ALTER TABLE `season_team_player`
  ADD PRIMARY KEY (`id_season_team_player`),
  ADD KEY `STP_Season` (`id_season`),
  ADD KEY `STP_Team` (`id_team`),
  ADD KEY `STP_Player` (`id_player`);

--
-- Index pour la table `team`
--
ALTER TABLE `team`
  ADD PRIMARY KEY (`id_team`);

--
-- Index pour la table `teamOfTheWeek`
--
ALTER TABLE `teamOfTheWeek`
  ADD PRIMARY KEY (`id_teamOfTheWeek`),
  ADD KEY `TOTW_Player` (`id_player`),
  ADD KEY `TOTW_Matchday` (`id_matchday`);

--
-- AUTO_INCREMENT pour les tables exportées
--

--
-- AUTO_INCREMENT pour la table `championship`
--
ALTER TABLE `championship`
  MODIFY `id_championship` int(11) NOT NULL AUTO_INCREMENT, AUTO_INCREMENT=4;
--
-- AUTO_INCREMENT pour la table `criterion`
--
ALTER TABLE `criterion`
  MODIFY `id_criterion` int(11) NOT NULL AUTO_INCREMENT, AUTO_INCREMENT=309;
--
-- AUTO_INCREMENT pour la table `fp_theme`
--
ALTER TABLE `fp_theme`
  MODIFY `id_fp_theme` int(11) NOT NULL AUTO_INCREMENT, AUTO_INCREMENT=2;
--
-- AUTO_INCREMENT pour la table `fp_user`
--
ALTER TABLE `fp_user`
  MODIFY `id_fp_user` int(11) NOT NULL AUTO_INCREMENT, AUTO_INCREMENT=3;
--
-- AUTO_INCREMENT pour la table `marketValue`
--
ALTER TABLE `marketValue`
  MODIFY `id_marketValue` int(11) NOT NULL AUTO_INCREMENT, AUTO_INCREMENT=21;
--
-- AUTO_INCREMENT pour la table `matchday`
--
ALTER TABLE `matchday`
  MODIFY `id_matchday` int(11) NOT NULL AUTO_INCREMENT, AUTO_INCREMENT=33;
--
-- AUTO_INCREMENT pour la table `matchgame`
--
ALTER TABLE `matchgame`
  MODIFY `id_matchgame` int(11) NOT NULL AUTO_INCREMENT, AUTO_INCREMENT=291;
--
-- AUTO_INCREMENT pour la table `player`
--
ALTER TABLE `player`
  MODIFY `id_player` int(11) NOT NULL AUTO_INCREMENT, AUTO_INCREMENT=188;
--
-- AUTO_INCREMENT pour la table `season`
--
ALTER TABLE `season`
  MODIFY `id_season` int(11) NOT NULL AUTO_INCREMENT, AUTO_INCREMENT=3;
--
-- AUTO_INCREMENT pour la table `season_championship_team`
--
ALTER TABLE `season_championship_team`
  MODIFY `id_season_championship_team` int(11) NOT NULL AUTO_INCREMENT, AUTO_INCREMENT=23;
--
-- AUTO_INCREMENT pour la table `season_team_player`
--
ALTER TABLE `season_team_player`
  MODIFY `id_season_team_player` int(11) NOT NULL AUTO_INCREMENT, AUTO_INCREMENT=190;
--
-- AUTO_INCREMENT pour la table `team`
--
ALTER TABLE `team`
  MODIFY `id_team` int(11) NOT NULL AUTO_INCREMENT, AUTO_INCREMENT=21;
--
-- AUTO_INCREMENT pour la table `teamOfTheWeek`
--
ALTER TABLE `teamOfTheWeek`
  MODIFY `id_teamOfTheWeek` int(11) NOT NULL AUTO_INCREMENT, AUTO_INCREMENT=309;
--
-- Contraintes pour les tables exportées
--

--
-- Contraintes pour la table `criterion`
--
ALTER TABLE `criterion`
  ADD CONSTRAINT `C_Match` FOREIGN KEY (`id_matchgame`) REFERENCES `matchgame` (`id_matchgame`);

--
-- Contraintes pour la table `fp_user`
--
ALTER TABLE `fp_user`
  ADD CONSTRAINT `FPU_theme` FOREIGN KEY (`theme`) REFERENCES `fp_theme` (`id_fp_theme`);

--
-- Contraintes pour la table `marketValue`
--
ALTER TABLE `marketValue`
  ADD CONSTRAINT `MV_Season` FOREIGN KEY (`id_season`) REFERENCES `season` (`id_season`),
  ADD CONSTRAINT `MV_Team` FOREIGN KEY (`id_team`) REFERENCES `team` (`id_team`);

--
-- Contraintes pour la table `matchday`
--
ALTER TABLE `matchday`
  ADD CONSTRAINT `MD_Championship` FOREIGN KEY (`id_championship`) REFERENCES `championship` (`id_championship`),
  ADD CONSTRAINT `MD_Season` FOREIGN KEY (`id_season`) REFERENCES `season` (`id_season`);

--
-- Contraintes pour la table `matchgame`
--
ALTER TABLE `matchgame`
  ADD CONSTRAINT `MG_Matchday` FOREIGN KEY (`id_matchday`) REFERENCES `matchday` (`id_matchday`),
  ADD CONSTRAINT `MG_Team1` FOREIGN KEY (`team_1`) REFERENCES `team` (`id_team`),
  ADD CONSTRAINT `MG_Team2` FOREIGN KEY (`team_2`) REFERENCES `team` (`id_team`);

--
-- Contraintes pour la table `season_championship_team`
--
ALTER TABLE `season_championship_team`
  ADD CONSTRAINT `SCT_Championship` FOREIGN KEY (`id_championship`) REFERENCES `championship` (`id_championship`),
  ADD CONSTRAINT `SCT_Season` FOREIGN KEY (`id_season`) REFERENCES `season` (`id_season`),
  ADD CONSTRAINT `SCT_Team` FOREIGN KEY (`id_team`) REFERENCES `team` (`id_team`);

--
-- Contraintes pour la table `season_team_player`
--
ALTER TABLE `season_team_player`
  ADD CONSTRAINT `STP_Player` FOREIGN KEY (`id_player`) REFERENCES `player` (`id_player`),
  ADD CONSTRAINT `STP_Season` FOREIGN KEY (`id_season`) REFERENCES `season` (`id_season`),
  ADD CONSTRAINT `STP_Team` FOREIGN KEY (`id_team`) REFERENCES `team` (`id_team`);

--
-- Contraintes pour la table `teamOfTheWeek`
--
ALTER TABLE `teamOfTheWeek`
  ADD CONSTRAINT `TOTW_Matchday` FOREIGN KEY (`id_matchday`) REFERENCES `matchday` (`id_matchday`),
  ADD CONSTRAINT `TOTW_Player` FOREIGN KEY (`id_player`) REFERENCES `player` (`id_player`);

/*!40101 SET CHARACTER_SET_CLIENT=@OLD_CHARACTER_SET_CLIENT */;
/*!40101 SET CHARACTER_SET_RESULTS=@OLD_CHARACTER_SET_RESULTS */;
/*!40101 SET COLLATION_CONNECTION=@OLD_COLLATION_CONNECTION */;
